-- phpMyAdmin SQL Dump
-- version 3.4.10.1
-- http://www.phpmyadmin.net
--
-- Host: localhost
-- Generation Time: May 26, 2012 at 09:40 AM
-- Server version: 5.0.95
-- PHP Version: 5.2.6

SET SQL_MODE="NO_AUTO_VALUE_ON_ZERO";
SET time_zone = "+00:00";


/*!40101 SET @OLD_CHARACTER_SET_CLIENT=@@CHARACTER_SET_CLIENT */;
/*!40101 SET @OLD_CHARACTER_SET_RESULTS=@@CHARACTER_SET_RESULTS */;
/*!40101 SET @OLD_COLLATION_CONNECTION=@@COLLATION_CONNECTION */;
/*!40101 SET NAMES utf8 */;

--
-- Database: `greencru_travel`
--

-- --------------------------------------------------------

--
-- Table structure for table `advert`
--

CREATE TABLE IF NOT EXISTS `advert` (
  `id` int(11) NOT NULL auto_increment,
  `image` varchar(255) collate utf8_unicode_ci NOT NULL,
  `link` varchar(255) collate utf8_unicode_ci NOT NULL,
  `page` varchar(255) collate utf8_unicode_ci NOT NULL,
  `position` varchar(255) collate utf8_unicode_ci NOT NULL,
  `adv_text` varchar(255) collate utf8_unicode_ci NOT NULL,
  `width` int(11) NOT NULL,
  `height` int(11) NOT NULL,
  `parent` int(11) NOT NULL,
  `ordering` int(11) NOT NULL,
  `active` tinyint(1) NOT NULL,
  PRIMARY KEY  (`id`)
) ENGINE=MyISAM  DEFAULT CHARSET=utf8 COLLATE=utf8_unicode_ci AUTO_INCREMENT=17 ;

--
-- Dumping data for table `advert`
--

INSERT INTO `advert` (`id`, `image`, `link`, `page`, `position`, `adv_text`, `width`, `height`, `parent`, `ordering`, `active`) VALUES
(1, '/upload/image/img_flash/p_0001.jpg', 'http://phuquocsmile.com/vi/tour/detail/10', '', '', 'slide_1', 0, 0, 5, 1, 1),
(2, '/upload/image/img_flash/p_0002.jpg', '', '', '', 'slide_2', 0, 0, 5, 2, 1),
(4, '/upload/image/img_flash/p_0003.jpg', '', '', '', 'slide_3', 0, 0, 5, 4, 1),
(5, '/upload/image/img_flash/p_0004.jpg', '', '', '', 'slide_4', 0, 0, 5, 5, 1),
(6, '/upload/image/img_flash/p_0005.jpg', '', '', '', 'slide_5', 0, 0, 5, 6, 1),
(11, '/upload/image/img_flash/p_0006.jpg', '', '', '', 'slide_6', 0, 0, 5, 10, 1),
(16, '/upload/image/DSC05653.JPG', '', '', '', 'slide_8', 0, 0, 5, 14, 1),
(14, '/upload/image/Green.jpg', 'www.greentourdanang.com', '', '', 'DU LỊCH ĐÀ NẴNG', 0, 0, 6, 12, 0),
(15, '/upload/image/DSC05653.JPG', 'www.phuquocsmile.com', '', '', 'slide_7', 0, 0, 5, 13, 0);

-- --------------------------------------------------------

--
-- Table structure for table `advert_cat`
--

CREATE TABLE IF NOT EXISTS `advert_cat` (
  `id` int(11) NOT NULL auto_increment,
  `name` varchar(64) collate utf8_unicode_ci NOT NULL,
  `alias` varchar(64) collate utf8_unicode_ci NOT NULL,
  `active` tinyint(1) NOT NULL,
  PRIMARY KEY  (`id`)
) ENGINE=MyISAM  DEFAULT CHARSET=utf8 COLLATE=utf8_unicode_ci AUTO_INCREMENT=7 ;

--
-- Dumping data for table `advert_cat`
--

INSERT INTO `advert_cat` (`id`, `name`, `alias`, `active`) VALUES
(5, 'Slides', 'slides', 1),
(6, 'Quảng Cáo', 'quang-cao', 1);

-- --------------------------------------------------------

--
-- Table structure for table `faq`
--

CREATE TABLE IF NOT EXISTS `faq` (
  `id` int(11) NOT NULL auto_increment,
  `date` int(11) default NULL,
  `is_enabled` tinyint(1) default NULL,
  PRIMARY KEY  (`id`)
) ENGINE=MyISAM  DEFAULT CHARSET=utf8 AUTO_INCREMENT=2 ;

--
-- Dumping data for table `faq`
--

INSERT INTO `faq` (`id`, `date`, `is_enabled`) VALUES
(1, 1326355923, 0);

-- --------------------------------------------------------

--
-- Table structure for table `faq_lang`
--

CREATE TABLE IF NOT EXISTS `faq_lang` (
  `faq_id` int(11) default NULL,
  `lang` varchar(5) default NULL,
  `question` longtext,
  `answer` longtext
) ENGINE=MyISAM DEFAULT CHARSET=utf8;

--
-- Dumping data for table `faq_lang`
--

INSERT INTO `faq_lang` (`faq_id`, `lang`, `question`, `answer`) VALUES
(1, 'vi', 'ăn gì khi đến Phú Quốc', 'gỏi cá trích'),
(1, 'en', '4324324', '3432432423');

-- --------------------------------------------------------

--
-- Table structure for table `feedback`
--

CREATE TABLE IF NOT EXISTS `feedback` (
  `id` int(11) NOT NULL auto_increment,
  `title` text collate utf8_unicode_ci,
  `content` text collate utf8_unicode_ci,
  `fullname` varchar(255) collate utf8_unicode_ci default NULL,
  `email` varchar(45) collate utf8_unicode_ci default NULL,
  `date` int(11) default NULL,
  `is_read` tinyint(1) default NULL,
  `is_answered` tinyint(1) default NULL,
  PRIMARY KEY  (`id`)
) ENGINE=MyISAM  DEFAULT CHARSET=utf8 COLLATE=utf8_unicode_ci AUTO_INCREMENT=11 ;

--
-- Dumping data for table `feedback`
--

INSERT INTO `feedback` (`id`, `title`, `content`, `fullname`, `email`, `date`, `is_read`, `is_answered`) VALUES
(9, 'Reservation of boat ticket', 'Hello, I would like to reserve a boat ticket with the Superdong 3 on 4 April \nLeaving Rach Gia at 08:00 a.m / arrival Phu Quoc at 10:15 a.m.\n\nIs there a place where I could buy the ticket directly in Saigon? Or could I reserve the ticket with you and pick it up in Rach Gia or in Saigon?\nWith best regards, Birgit Hable', 'Birgit Hable', 'birgit.hable@live.de', 1333122903, 1, NULL),
(5, 'tours', 'e muon dat tour, nhung e o tp.HCM vay di nhu the nao de tiet kiem nhat? neu e k di 1 so dia diem: nha lao PQ,.... e chi di tau ra dao, lan ngam san ho, cau muc, trai nuoi cay trai, cho dem PQ,noi nuoi thu hoach to yen thi chi phi co tiet kiem hon K? neu di 4-5 nguoi thi chi phi nhu the nao? e du dinh di khoang 10/3/2011.\nPS: ct anh co stock, tham du nhu the nao?', 'khanh Nguyen', 'comet124a@yahoo.com', 1299339947, 1, NULL),
(6, 'Chào Mừng Bạn Đến Với Hits.VN801', 'Giới Thiệu\n1 - Hệ thống surf nhanh chỉ với 5s là bạn đã nhận được Credits\n2 - Ðăng ký thành viên dễ dàng,nhanh chóng,và nhận ngay 1000 Credits\n3 - Kích hoạt tài khoản và website đều do thành viên đãng ký tự thực hiện,không phải chờ đợi lâu\n4 - Bạn có thể add 10 website & URL vào tài khoản và phân phối credits cho các URL\n---------------------------------------------------------------------------------\nQuy Ðịnh Cơ Bản\n1 - Tất cả Free member đều phải Surf 10 trang web để kích hoạt tài khoản\n2 - Không được add các website có chứa Virus, Phá khung surf, xxx, và liên quan đến chính trị, tôn giáo, kỳ thị chủng tộc\n3 - Không add các website, banner không hoạt động, có Pop-up\n4 - Bạn phải thực hiện surf thường xuyên để kiếm credits,nếu tài khoản không thực hiện surf trong vòng 1 tuần sẽ bị delete URL & Website của tài khoản đó. Tuy nhiên bạn có thể add Website lại khi bạn tham gia surf tiếp.\n---------------------------------------------------------------------------------\nNguyên Tắc Hoạt Ðộng\nNguyên tắc hoạt động của Hits.VN801.Com thật đõn giản. Bạn xem các website của các Thành viên khác trong Hits.VN801.Com và ngược lại các thành viên đó sẽ xem Website của bạn. Hàng vạn thành viên xem Website của nhau cũng có nghĩa là có rất nhiều người truy cập vào website của bạn. (Truy cập này là bắt buộc và hoàn toàn tự động) Chính vì vậy hiệu suất cũng như hiệu quả đạt được rất cao.\n---------------------------------------------------------------------------------\nWELCOME TO HITS.VN801.COM - HIT.VN801.COM', 'ghjgjh', 'ntdctt29560@gmail.com', 1311602612, 1, NULL),
(8, 'Boat to Ha Tein', 'I was wondering if you could give me the times, prices and options with regards to getting to Ha Tien by boat. Do you know if you can get a visa for Cambodia at that border crossing? Thanks!', 'Leslie', 'Lkerscht@mymts.net', 1329269188, NULL, NULL),
(10, 'Gop y Ws', 'Sao Ws ko có thông tin gì hết vậy, sơ xài quá', 'Rio Nguyen', 'quantam265@yahoo.com', 1337589880, NULL, NULL);

-- --------------------------------------------------------

--
-- Table structure for table `flight`
--

CREATE TABLE IF NOT EXISTS `flight` (
  `id` int(11) NOT NULL auto_increment,
  `to` varchar(50) collate utf8_unicode_ci NOT NULL,
  `from` varchar(50) collate utf8_unicode_ci NOT NULL,
  `date` int(11) NOT NULL,
  `active` tinyint(1) NOT NULL,
  `transit` varchar(100) collate utf8_unicode_ci NOT NULL,
  PRIMARY KEY  (`id`)
) ENGINE=MyISAM  DEFAULT CHARSET=utf8 COLLATE=utf8_unicode_ci AUTO_INCREMENT=3 ;

-- --------------------------------------------------------

--
-- Table structure for table `flight_book`
--

CREATE TABLE IF NOT EXISTS `flight_book` (
  `id` int(11) NOT NULL auto_increment,
  `fullname` varchar(255) collate utf8_unicode_ci default NULL,
  `address` text collate utf8_unicode_ci,
  `phone` varchar(20) collate utf8_unicode_ci default NULL,
  `email` varchar(50) collate utf8_unicode_ci default NULL,
  `total_person` int(4) default NULL,
  `company` varchar(255) collate utf8_unicode_ci default NULL,
  `tax_code` varchar(15) collate utf8_unicode_ci default NULL,
  `nation` varchar(100) collate utf8_unicode_ci default NULL,
  `date_start` int(11) default NULL,
  `departure` varchar(100) collate utf8_unicode_ci default NULL,
  `arrival` varchar(100) collate utf8_unicode_ci default NULL,
  `adult` int(3) default NULL,
  `child` int(3) default NULL,
  `baby` int(3) default NULL,
  `other_requirement` text collate utf8_unicode_ci,
  `type_ticket` tinyint(1) default NULL,
  `payment_method` tinyint(1) default NULL,
  `date` int(11) default NULL,
  `is_read` tinyint(1) default NULL,
  `is_checked` tinyint(1) default NULL,
  PRIMARY KEY  (`id`)
) ENGINE=InnoDB  DEFAULT CHARSET=utf8 COLLATE=utf8_unicode_ci AUTO_INCREMENT=2 ;

--
-- Dumping data for table `flight_book`
--

INSERT INTO `flight_book` (`id`, `fullname`, `address`, `phone`, `email`, `total_person`, `company`, `tax_code`, `nation`, `date_start`, `departure`, `arrival`, `adult`, `child`, `baby`, `other_requirement`, `type_ticket`, `payment_method`, `date`, `is_read`, `is_checked`) VALUES
(1, 'asdfasdf', '', '12345678', 'asdfasdf@yahoo.com', 5, '', '', '', 1286816400, 'asdfasdfasdf', 'asdfasdfasdf', 4, 1, 0, 'asdfasdfasdf', 0, 1, 1286444773, 1, 1);

-- --------------------------------------------------------

--
-- Table structure for table `flight_book_detail`
--

CREATE TABLE IF NOT EXISTS `flight_book_detail` (
  `id` int(11) NOT NULL auto_increment,
  `name` varchar(255) collate utf8_unicode_ci default NULL,
  `birthday` int(11) default NULL,
  `address` text collate utf8_unicode_ci,
  `sex` varchar(10) collate utf8_unicode_ci default NULL,
  `age` tinyint(1) default NULL,
  `flight_book_id` int(11) default NULL,
  PRIMARY KEY  (`id`)
) ENGINE=InnoDB  DEFAULT CHARSET=utf8 COLLATE=utf8_unicode_ci AUTO_INCREMENT=10 ;

--
-- Dumping data for table `flight_book_detail`
--

INSERT INTO `flight_book_detail` (`id`, `name`, `birthday`, `address`, `sex`, `age`, `flight_book_id`) VALUES
(1, 'asdfasdf', 0, '', '0', 1, 1),
(6, '124124124', 0, '', '0', 0, 1),
(7, 'eryeryery', 0, '', '0', 0, 1),
(8, 'eryeryery', 0, '', '0', 0, 1),
(9, '346346346', 0, '', '0', 0, 1);

-- --------------------------------------------------------

--
-- Table structure for table `flight_info`
--

CREATE TABLE IF NOT EXISTS `flight_info` (
  `id` int(11) NOT NULL auto_increment,
  `flight_code` varchar(20) collate utf8_unicode_ci default NULL,
  `time_departure` varchar(50) collate utf8_unicode_ci default NULL,
  `time_arrival` varchar(50) collate utf8_unicode_ci default NULL,
  `is_go` tinyint(1) default NULL,
  `flight_id` int(11) NOT NULL,
  PRIMARY KEY  (`id`)
) ENGINE=MyISAM  DEFAULT CHARSET=utf8 COLLATE=utf8_unicode_ci AUTO_INCREMENT=7 ;

--
-- Dumping data for table `flight_info`
--

INSERT INTO `flight_info` (`id`, `flight_code`, `time_departure`, `time_arrival`, `is_go`, `flight_id`) VALUES
(1, 'AAA', '23423', '234234', 0, 1),
(2, 'BBB1', '234234', '234234', 1, 1),
(3, 'CCC', '234234', '234234', 0, 1),
(4, 'asdf', '234234', '234234', 0, 1),
(5, 'asdffd', '234234', '234234', 1, 1),
(6, 'asdfasdf', '4324', '23423', 0, 2);

-- --------------------------------------------------------

--
-- Table structure for table `hotel`
--

CREATE TABLE IF NOT EXISTS `hotel` (
  `id` int(11) NOT NULL auto_increment,
  `level` varchar(45) collate utf8_unicode_ci default NULL,
  `web` varchar(255) collate utf8_unicode_ci default NULL,
  `image` varchar(100) collate utf8_unicode_ci default NULL,
  `date` int(11) NOT NULL,
  `is_enabled` tinyint(1) NOT NULL,
  PRIMARY KEY  (`id`)
) ENGINE=MyISAM  DEFAULT CHARSET=utf8 COLLATE=utf8_unicode_ci AUTO_INCREMENT=4 ;

-- --------------------------------------------------------

--
-- Table structure for table `hotel_book`
--

CREATE TABLE IF NOT EXISTS `hotel_book` (
  `id` int(11) NOT NULL auto_increment,
  `fullname` varchar(255) collate utf8_unicode_ci default NULL,
  `address` text collate utf8_unicode_ci,
  `phone` varchar(20) collate utf8_unicode_ci default NULL,
  `email` varchar(50) collate utf8_unicode_ci default NULL,
  `total_person` int(4) default NULL,
  `company` varchar(255) collate utf8_unicode_ci default NULL,
  `tax_code` varchar(15) collate utf8_unicode_ci default NULL,
  `check_in` int(11) default NULL,
  `check_out` int(11) default NULL,
  `adult` int(3) default NULL,
  `child` int(3) default NULL,
  `baby` int(3) default NULL,
  `single_room` int(3) default NULL,
  `double_room` int(3) default NULL,
  `family_room` int(3) default NULL,
  `other_requirement` text collate utf8_unicode_ci,
  `payment_method` tinyint(1) default NULL,
  `date` int(11) default NULL,
  `is_read` tinyint(1) default NULL,
  `is_checked` tinyint(1) default NULL,
  `hotel_id` int(11) default NULL,
  PRIMARY KEY  (`id`)
) ENGINE=InnoDB  DEFAULT CHARSET=utf8 COLLATE=utf8_unicode_ci AUTO_INCREMENT=4 ;

--
-- Dumping data for table `hotel_book`
--

INSERT INTO `hotel_book` (`id`, `fullname`, `address`, `phone`, `email`, `total_person`, `company`, `tax_code`, `check_in`, `check_out`, `adult`, `child`, `baby`, `single_room`, `double_room`, `family_room`, `other_requirement`, `payment_method`, `date`, `is_read`, `is_checked`, `hotel_id`) VALUES
(1, 'ljjxoutaes', 'pewGelOjfdZTPuHd', 'JQSnuVeqXvqqUKmzkk', 'ohpifp@sgdirw.com', 1, 'XXuOWZyfoiCoJ', 'dsWdeAsmMWPneNr', 0, 0, 1, 0, 0, 1, 0, 0, 'R2yIny  <a href="http://grwzqkhvmfgs.com/">grwzqkhvmfgs</a>, [url=http://inspqxdhzirk.com/]inspqxdhzirk[/url], [link=http://albelgaxdllh.com/]albelgaxdllh[/link], http://qawyndbrmavt.com/', 1, 1327644825, 1, 0, 1),
(2, 'zbcqld', 'avHlmgoWx', 'kljgFcxydAzRhNpJD', 'xrpiub@hyxldx.com', 1, 'eELtqvNbqcXmNAVg', 'vqkgxjhnNbdtcjK', 0, 0, 1, 0, 0, 1, 0, 0, 'RCnsEP  <a href="http://crhyvzbgtdjh.com/">crhyvzbgtdjh</a>, [url=http://yngglbwbfcfh.com/]yngglbwbfcfh[/url], [link=http://paprpjejaydi.com/]paprpjejaydi[/link], http://rqcmlcukgrld.com/', 1, 1330124632, 1, 0, 2),
(3, 'zymlathqv', 'REheyAZL', 'CIBydRXAVN', 'kkevoh@kldcaw.com', 1, 'OvEaVsZe', 'EMrEcOvPIfHzpel', 0, 0, 1, 0, 0, 1, 0, 0, '7ARcXo  <a href="http://prjzqqmjgfix.com/">prjzqqmjgfix</a>, [url=http://jceyosblfwll.com/]jceyosblfwll[/url], [link=http://ofpnvunzeqas.com/]ofpnvunzeqas[/link], http://ylizvikfimzm.com/', 1, 1330898861, 1, 0, 2);

-- --------------------------------------------------------

--
-- Table structure for table `hotel_lang`
--

CREATE TABLE IF NOT EXISTS `hotel_lang` (
  `hotel_id` int(11) NOT NULL,
  `lang` varchar(5) collate utf8_unicode_ci default NULL,
  `name` varchar(255) collate utf8_unicode_ci default NULL,
  `address` varchar(255) collate utf8_unicode_ci default NULL,
  `short_introduce` text collate utf8_unicode_ci,
  `full_introduce` text collate utf8_unicode_ci
) ENGINE=MyISAM DEFAULT CHARSET=utf8 COLLATE=utf8_unicode_ci;

-- --------------------------------------------------------

--
-- Table structure for table `hotel_room`
--

CREATE TABLE IF NOT EXISTS `hotel_room` (
  `id` int(11) NOT NULL auto_increment,
  `image` varchar(100) collate utf8_unicode_ci default NULL,
  `is_enabled` tinyint(1) default NULL,
  `date` int(11) default NULL,
  `hotel_id` int(11) default NULL,
  `hotel_room_cat_id` int(11) default NULL,
  PRIMARY KEY  (`id`)
) ENGINE=MyISAM DEFAULT CHARSET=utf8 COLLATE=utf8_unicode_ci AUTO_INCREMENT=1 ;

-- --------------------------------------------------------

--
-- Table structure for table `hotel_room_cat`
--

CREATE TABLE IF NOT EXISTS `hotel_room_cat` (
  `id` int(11) NOT NULL auto_increment,
  `is_category` tinyint(1) default NULL,
  `parent_id` int(11) default NULL,
  `is_enabled` tinyint(1) default NULL,
  `ordering` int(11) default NULL,
  `date` int(11) NOT NULL,
  PRIMARY KEY  (`id`)
) ENGINE=MyISAM  DEFAULT CHARSET=utf8 COLLATE=utf8_unicode_ci AUTO_INCREMENT=3 ;

--
-- Dumping data for table `hotel_room_cat`
--

INSERT INTO `hotel_room_cat` (`id`, `is_category`, `parent_id`, `is_enabled`, `ordering`, `date`) VALUES
(1, 0, 0, 1, 0, 1285130534),
(2, 0, 0, 1, 0, 1285130574);

-- --------------------------------------------------------

--
-- Table structure for table `hotel_room_cat_lang`
--

CREATE TABLE IF NOT EXISTS `hotel_room_cat_lang` (
  `hotel_room_cat_id` int(11) default NULL,
  `lang` varchar(5) collate utf8_unicode_ci default NULL,
  `name` varchar(100) collate utf8_unicode_ci default NULL,
  `url` varchar(100) collate utf8_unicode_ci default NULL
) ENGINE=MyISAM DEFAULT CHARSET=utf8 COLLATE=utf8_unicode_ci;

--
-- Dumping data for table `hotel_room_cat_lang`
--

INSERT INTO `hotel_room_cat_lang` (`hotel_room_cat_id`, `lang`, `name`, `url`) VALUES
(1, 'vi', 'Phòng Đôi', ''),
(1, 'en', 'Double', ''),
(2, 'vi', 'Phòng đơn', ''),
(2, 'en', 'Single', '');

-- --------------------------------------------------------

--
-- Table structure for table `hotel_room_lang`
--

CREATE TABLE IF NOT EXISTS `hotel_room_lang` (
  `hotel_room_id` int(11) default NULL,
  `lang` varchar(5) collate utf8_unicode_ci default NULL,
  `name` varchar(100) collate utf8_unicode_ci default NULL,
  `introduce` text collate utf8_unicode_ci NOT NULL,
  `price` varchar(100) collate utf8_unicode_ci default NULL
) ENGINE=MyISAM DEFAULT CHARSET=utf8 COLLATE=utf8_unicode_ci;

-- --------------------------------------------------------

--
-- Table structure for table `language`
--

CREATE TABLE IF NOT EXISTS `language` (
  `id` int(11) NOT NULL auto_increment,
  `abbr` varchar(5) NOT NULL,
  `name` varchar(255) NOT NULL,
  `active` tinyint(1) NOT NULL default '0',
  PRIMARY KEY  (`id`)
) ENGINE=MyISAM  DEFAULT CHARSET=utf8 AUTO_INCREMENT=3 ;

--
-- Dumping data for table `language`
--

INSERT INTO `language` (`id`, `abbr`, `name`, `active`) VALUES
(1, 'vi', 'vietnamese', 1),
(2, 'en', 'english', 0);

-- --------------------------------------------------------

--
-- Table structure for table `menu`
--

CREATE TABLE IF NOT EXISTS `menu` (
  `id` int(11) NOT NULL auto_increment,
  `link` varchar(250) NOT NULL,
  `controller` varchar(64) NOT NULL,
  `browser_nav` varchar(10) NOT NULL,
  `menu_group_id` int(11) NOT NULL,
  `parent` int(11) NOT NULL,
  `ordering` int(11) NOT NULL default '0',
  `homepage` tinyint(1) NOT NULL default '0',
  `active` tinyint(1) NOT NULL default '0',
  PRIMARY KEY  (`id`)
) ENGINE=MyISAM  DEFAULT CHARSET=utf8 AUTO_INCREMENT=24 ;

--
-- Dumping data for table `menu`
--

INSERT INTO `menu` (`id`, `link`, `controller`, `browser_nav`, `menu_group_id`, `parent`, `ordering`, `homepage`, `active`) VALUES
(1, 'home', '', '_self', 1, 0, 1, 1, 1),
(2, 'flight', '', '_self', 1, 13, 1, 0, 1),
(3, 'vehicle', '', '_self', 1, 13, 2, 0, 1),
(4, 'news', '', '_self', 1, 0, 8, 0, 1),
(5, 'page/show/1', '', '_self', 1, 0, 2, 0, 0),
(7, 'hotel', '', '_self', 1, 0, 7, 0, 1),
(8, 'consult', '', '_self', 1, 0, 9, 0, 1),
(9, 'contact', '', '_self', 1, 0, 10, 0, 1),
(11, 'tour/show/2', '', '_self', 1, 0, 4, 0, 0),
(12, 'tour/show/3', '', '_self', 1, 0, 5, 0, 0),
(13, '', '', '_self', 1, 0, 7, 0, 1),
(14, 'tour/show/5', '', '_self', 1, 22, 1, 0, 1),
(15, 'tour/show/6', '', '_self', 1, 22, 2, 0, 1),
(16, 'page/show/2', '', '_self', 1, 5, 1, 0, 1),
(17, 'page/show/3', '', '_self', 1, 5, 2, 0, 1),
(18, 'news', '', '_self', 1, 4, 1, 0, 0),
(19, 'news', '', '_self', 1, 4, 2, 0, 0),
(21, 'tour/show/9', '', '_self', 1, 0, 6, 0, 1),
(22, 'tour/show/8', '', '_self', 1, 0, 3, 0, 1),
(23, 'tour/show/10', '', '_self', 1, 22, 3, 0, 1);

-- --------------------------------------------------------

--
-- Table structure for table `menu_group`
--

CREATE TABLE IF NOT EXISTS `menu_group` (
  `id` int(11) NOT NULL auto_increment,
  `name` varchar(64) NOT NULL,
  `abbrev` varchar(64) NOT NULL,
  PRIMARY KEY  (`id`)
) ENGINE=MyISAM  DEFAULT CHARSET=utf8 AUTO_INCREMENT=2 ;

--
-- Dumping data for table `menu_group`
--

INSERT INTO `menu_group` (`id`, `name`, `abbrev`) VALUES
(1, 'main menu', 'main_menu');

-- --------------------------------------------------------

--
-- Table structure for table `menu_lang`
--

CREATE TABLE IF NOT EXISTS `menu_lang` (
  `menu_id` int(11) NOT NULL,
  `lang` varchar(3) collate utf8_unicode_ci NOT NULL default 'vi',
  `title` varchar(255) collate utf8_unicode_ci NOT NULL,
  `alias` varchar(225) collate utf8_unicode_ci NOT NULL
) ENGINE=MyISAM DEFAULT CHARSET=utf8 COLLATE=utf8_unicode_ci;

--
-- Dumping data for table `menu_lang`
--

INSERT INTO `menu_lang` (`menu_id`, `lang`, `title`, `alias`) VALUES
(1, 'vi', 'Trang chủ', 'trang-chu'),
(1, 'en', 'home', 'home'),
(2, 'vi', 'Vé máy bay', 've-may-bay'),
(2, 'en', 'Airline Ticket', 'airline-ticket'),
(3, 'vi', 'Vé tàu', 've-tau'),
(3, 'en', 'Boat ticket', 'boat-ticket'),
(4, 'vi', 'Giải trí', 'giai-tri'),
(4, 'en', 'News', 'news'),
(5, 'vi', 'Giới thiệu', 'gioi-thieu'),
(5, 'en', 'About Us', 'about-us'),
(7, 'vi', 'Khách sạn', 'hotel'),
(7, 'en', 'Hotel', 'hotel'),
(8, 'vi', 'Cẩm Nang DL Phú Quốc', 'Cam-nang-dl-Phu-Quoc'),
(8, 'en', 'F.A.Q', 'faqu'),
(9, 'vi', 'Liên hệ', 'lien-he'),
(9, 'en', 'Contact', 'contact'),
(11, 'vi', 'Tour trong nước', 'tour-trong-nuoc'),
(11, 'en', 'Inbound Tour', 'inbound-tour'),
(12, 'vi', 'Tour ngoài nước', 'tour-ngoai-nuoc'),
(12, 'en', 'Outbound Tour', 'outbound-tour'),
(13, 'vi', 'Dịch vụ', 'dich-vu'),
(13, 'en', 'Services', 'services'),
(14, 'vi', 'Đảo Xanh Phú Quốc', 'dao-xanh-phu-quoc'),
(14, 'en', 'Phu Quoc Island', 'phu-quoc-island'),
(15, 'vi', 'Tour Mekông Delta', 'tour-mekong-delta'),
(15, 'en', 'Tour Mekong Delta', 'tour-mekong-delta'),
(16, 'vi', 'Thư ngỏ', 'thu-ngo'),
(16, 'en', 'Open letter', 'open-letter'),
(17, 'vi', 'Tuyển dụng', 'tuyen-dung'),
(17, 'en', 'Recruit', 'recruit'),
(18, 'vi', 'Xã hội', 'xa-hoi'),
(18, 'en', 'Social', 'social'),
(19, 'vi', 'Thế giới', 'the-gioi'),
(19, 'en', 'World', 'world'),
(21, 'vi', 'Tour hằng ngày', 'tour-hang-ngay'),
(21, 'en', 'Daily Tours', 'daily-tours'),
(22, 'vi', 'Tour trọn gói', 'tour-tron-goi'),
(22, 'en', 'Packages Tour', 'packages-tour'),
(23, 'vi', 'Tour Trăng Mật', 'tour-trang-mat'),
(23, 'en', 'Honey Moon Tour', 'honey-moon-tour');

-- --------------------------------------------------------

--
-- Table structure for table `news`
--

CREATE TABLE IF NOT EXISTS `news` (
  `id` int(11) NOT NULL auto_increment,
  `date` int(11) NOT NULL,
  `source` varchar(45) NOT NULL,
  `image` varchar(100) NOT NULL,
  `total_view` int(11) NOT NULL default '0',
  `cat_id` int(11) NOT NULL default '0',
  `user_id` int(11) NOT NULL default '0',
  `active` tinyint(1) NOT NULL default '0',
  PRIMARY KEY  (`id`)
) ENGINE=MyISAM  DEFAULT CHARSET=utf8 AUTO_INCREMENT=10 ;

-- --------------------------------------------------------

--
-- Table structure for table `news_cat`
--

CREATE TABLE IF NOT EXISTS `news_cat` (
  `id` int(11) NOT NULL auto_increment,
  `browser_nav` varchar(10) NOT NULL,
  `is_category` tinyint(1) NOT NULL default '0',
  `parent` int(11) NOT NULL default '0',
  `active` tinyint(1) NOT NULL default '0',
  `ordering` int(11) NOT NULL default '0',
  PRIMARY KEY  (`id`)
) ENGINE=MyISAM  DEFAULT CHARSET=utf8 AUTO_INCREMENT=4 ;

-- --------------------------------------------------------

--
-- Table structure for table `news_cat_lang`
--

CREATE TABLE IF NOT EXISTS `news_cat_lang` (
  `cat_id` int(11) NOT NULL,
  `lang` varchar(3) collate utf8_unicode_ci NOT NULL default 'vn',
  `name` text collate utf8_unicode_ci NOT NULL,
  `alias` varchar(64) collate utf8_unicode_ci NOT NULL,
  `description` text collate utf8_unicode_ci NOT NULL
) ENGINE=MyISAM DEFAULT CHARSET=utf8 COLLATE=utf8_unicode_ci;

-- --------------------------------------------------------

--
-- Table structure for table `news_comment`
--

CREATE TABLE IF NOT EXISTS `news_comment` (
  `id` int(11) NOT NULL auto_increment,
  `content` text,
  `date` int(11) default NULL,
  `title` text,
  `name` varchar(100) default NULL,
  `email` varchar(100) default NULL,
  `news_id` int(11) default NULL,
  `users_id` int(11) default '0',
  PRIMARY KEY  (`id`)
) ENGINE=MyISAM DEFAULT CHARSET=utf8 AUTO_INCREMENT=1 ;

-- --------------------------------------------------------

--
-- Table structure for table `news_lang`
--

CREATE TABLE IF NOT EXISTS `news_lang` (
  `news_id` int(11) NOT NULL,
  `lang` varchar(3) collate utf8_unicode_ci NOT NULL default 'vn',
  `title` text collate utf8_unicode_ci NOT NULL,
  `alias` varchar(64) collate utf8_unicode_ci NOT NULL,
  `seo_title` varchar(64) collate utf8_unicode_ci NOT NULL,
  `summary` text collate utf8_unicode_ci NOT NULL,
  `content` text collate utf8_unicode_ci NOT NULL,
  PRIMARY KEY  (`news_id`,`lang`)
) ENGINE=MyISAM DEFAULT CHARSET=utf8 COLLATE=utf8_unicode_ci;

--
-- Dumping data for table `news_lang`
--

INSERT INTO `news_lang` (`news_id`, `lang`, `title`, `alias`, `seo_title`, `summary`, `content`) VALUES
(6, 'en', 'Kieu Khanh nominated Miss World 2010 contest', 'kieu-khanh-nominated-miss-world-2010-contest', '', '<p>1st runner Miss World Vietnamese people are likely to represent Vietnam  at international beauty arena took place in Sanya, China in October.</p>', '<p>Pham Dinh Thang, Manager music performances and theatrical tapes and  discs, Department of Performing Arts, said: "The Department received  records from the copyright holder unit is elite company in the last few  days. Accordingly, the Elite only single nominations Kieu Nguyen Ngoc  Khanh attend Miss World 2010. "</p>\n<table border="0" cellspacing="0" cellpadding="3" width="1" align="center">\n<tbody>\n<tr>\n<td><img src="http://vnexpress.net/Files/Subject/3B/A2/0A/0F/1.jpg" border="1" alt="" width="400" height="599" /></td>\n</tr>\n<tr>\n<td class="Image">The beauty of the 19-year-old Kieu Khanh. Picture:<em> Anh Tuan.</em></td>\n</tr>\n</tbody>\n</table>\n<p class="Normal">The Department will review records and conduct licensing in the coming  days. Mr Thang said, as prescribed, will have results after 7 days.</p>\n<p class="Normal">Talking to VnExpress.net, Ms. Thuy Hanh - Elite representatives - not to  verify the information Kieu Khanh nominated. She would only confirm  publicly to the media about the beautiful faces of Vietnam in the Miss  World after completing the administrative procedures.</p>\n<p class="Normal">Unlike previous years, with two large-scale competitions are held  together in a row - Miss Vietnam and Miss World Vietnamese people - this  year, Vietnam has many beautiful people to choose to participate in the  arena International. Between the candidates qualified for Miss World  contest as Miss TGNV Diem Huong, Pham Thuy Vy second runner Victoria  Miss Vietnam Ngoc Han, a runner and runner Dang Thuy Trang Hoang My 2  ... Kieu Khanh still be considered as worthy candidates most  expectations.</p>\n<table border="0" cellspacing="0" cellpadding="3" width="1" align="center">\n<tbody>\n<tr>\n<td><img src="http://vnexpress.net/Files/Subject/3B/A2/0A/0F/a3.jpg" border="1" alt="" width="400" height="603" /></td>\n</tr>\n<tr>\n<td class="Image">Kieu Khanh at the Miss World Vietnamese people. Picture: <em>Hoang Ha.</em></td>\n</tr>\n</tbody>\n</table>\n<p class="Normal">19-year-old girl, living in Germany but is a national of Vietnam, owns  the beauty bright, gentle and serene. Khanh 1.76 m high and body  measurements are 85-63-94. At the Miss World Vietnamese, a runner  outside the top spot, she also won the title of The Beautiful Sea.  Beauty has become the new university students in Germany has significant  advantages in terms of language as fluent English and German. In  addition, Kieu Khanh had accumulated certain experience in the beauty  pageant as Miss Vietnam 2009 in Europe and Miss World Vietnamese.</p>'),
(8, 'vi', 'Lễ hội Thánh Gióng được công nhận di sản phi vật thể', 'le-hoi', '', '<h2 class="Lead">Lễ hội Th&aacute;nh Gi&oacute;ng đ&atilde; được Tổ chức Gi&aacute;o  dục, Khoa học  v&agrave; Văn h&oacute;a của Li&ecirc;n hợp quốc (UNESCO) đưa v&agrave;o danh s&aacute;ch di  sản phi vật  thể của nh&acirc;n loại v&agrave;o tối 16/11.</h2>', '<p class="Normal">Theo UBND th&agrave;nh phố H&agrave; Nội, l&uacute;c 18h20  ng&agrave;y 16/11 (tức  22h20 giờ Việt Nam), tại th&agrave;nh phố Nairobi, thủ đ&ocirc; của  Kenya, Tổ chức  Gi&aacute;o dục, Khoa học v&agrave; Văn h&oacute;a của Li&ecirc;n hiệp quốc (UNESCO)  đ&atilde; c&ocirc;ng nhận  lễ hội Gi&oacute;ng ở đền Ph&ugrave; Đổng (Gia L&acirc;m) v&agrave; đền S&oacute;c (huyện  S&oacute;c Sơn) l&agrave; di  sản văn h&oacute;a phi vật thể đại diện của nh&acirc;n loại.</p>\n<p class="Normal">C&ugrave;ng với lễ hội Gi&oacute;ng, tại phi&ecirc;n họp ng&agrave;y  16/11, Ủy  ban li&ecirc;n ch&iacute;nh phủ của UNESCO đ&atilde; xem x&eacute;t v&agrave; c&ocirc;ng nhận 45 di  sản văn h&oacute;a  phi vật thể của 29 quốc gia.</p>\n<p class="Normal">Như vậy đến thời điểm hiện nay, Việt Nam  c&oacute; 4 di sản  phi vật thể được vinh danh l&agrave; Nh&atilde; nhạc cung đ&igrave;nh Huế; kh&ocirc;ng  gian văn  h&oacute;a cồng chi&ecirc;ng T&acirc;y Nguy&ecirc;n; quan họ; hội Gi&oacute;ng ở đền Ph&ugrave; Đổng  v&agrave; đền  S&oacute;c.</p>\n<table border="0" cellspacing="0" cellpadding="3" width="1" align="center">\n<tbody>\n<tr>\n<td><img src="http://vnexpress.net/Files/Subject/3B/A2/30/E3/lehoigiong.jpg" alt="" width="460" height="309" /></td>\n</tr>\n<tr>\n<td class="Image">Lễ hội đền Gi&oacute;ng. Ảnh: <em>VOV.</em></td>\n</tr>\n</tbody>\n</table>\n<p class="Normal">Hội Gi&oacute;ng cũng l&agrave; di sản thứ ba của H&agrave;  Nội được  UNESCO vinh danh trong năm 2010. Trước đ&oacute;, 82 bia tiến sĩ ở Văn  Miếu -  Quốc Tử Gi&aacute;m đ&atilde; được c&ocirc;ng nhận l&agrave; di sản tư liệu thuộc chương  tr&igrave;nh k&yacute;  ức thế giới; Khu di t&iacute;ch Trung t&acirc;m Ho&agrave;ng Th&agrave;nh Thăng Long - H&agrave;  Nội được  c&ocirc;ng nhận l&agrave; di sản văn h&oacute;a thế giới.</p>\n<p class="Normal">Lễ hội Th&aacute;nh Gi&oacute;ng được tổ chức h&agrave;ng năm  từ ng&agrave;y 6  đến 12/4 &acirc;m lịch, tại l&agrave;ng Gi&oacute;ng, một l&agrave;ng Việt cổ nay thuộc  địa phận  của bốn l&agrave;ng Ph&ugrave; Đổng, Ph&ugrave; Dực, Đổng Vi&ecirc;n, Đổng Xuy&ecirc;n của x&atilde;  Ph&ugrave; Đổng  (huyện Gia L&acirc;m, H&agrave; Nội). Đ&acirc;y l&agrave; một trong những hội lễ lớn nhất  ở đồng  bằng Bắc bộ, một diễn trường lịch sử - văn ho&aacute;, diễn lại sự t&iacute;ch  Th&aacute;nh  Gi&oacute;ng đ&aacute;nh thắng giặc &Acirc;n.</p>\n<p class="Normal">Trong lễ hội sẽ c&oacute; những m&agrave;n diễn xướng  độc đ&aacute;o thể  hiện tinh thần đo&agrave;n kết, &yacute; ch&iacute; quật cường của d&acirc;n tộc, t&ocirc;n  vinh vị anh  h&ugrave;ng d&acirc;n tộc Th&aacute;nh Gi&oacute;ng. Lễ hội Th&aacute;nh Gi&oacute;ng được cử h&agrave;nh  tr&ecirc;n một diễn  trường rộng lớn d&agrave;i khoảng 3 km gồm đền Thượng, đền Mẫu  (thờ mẹ Gi&oacute;ng)  v&agrave; ch&ugrave;a Kiến Sơ.</p>'),
(6, 'vi', 'Kiều Khanh được đề cử dự thi Miss World 2010', 'kieu-khanh-duoc-de-cu-du-thi-miss-world-210', '', '<p>&Aacute; hậu 1 Hoa hậu Thế giới Người Việt nhiều khả năng sẽ l&agrave; đại diện Việt  Nam tại đấu trường sắc đẹp quốc tế diễn ra ở Sanya, Trung Quốc v&agrave;o th&aacute;ng  10.</p>', '<p class="Normal">&Ocirc;ng Phạm Đ&igrave;nh Thắng, Trưởng ph&ograve;ng Quản l&yacute; biểu diễn ca  nhạc v&agrave; băng đĩa s&acirc;n khấu, Cục Nghệ thuật Biểu diễn, cho biết: "Cục  nhận được hồ sơ từ ph&iacute;a đơn vị giữ bản quyền l&agrave; C&ocirc;ng ty Elite c&aacute;ch đ&acirc;y  v&agrave;i ng&agrave;y. Theo đ&oacute;, Elite chỉ đề cử duy nhất Nguyễn Ngọc Kiều Khanh tham  dự Miss World 2010".</p>\n<table border="0" cellspacing="0" cellpadding="3" width="1" align="center">\n<tbody>\n<tr>\n<td><img src="http://vnexpress.net/Files/Subject/3B/A2/0A/0F/1.jpg" border="1" alt="" width="400" height="599" /></td>\n</tr>\n<tr>\n<td class="Image">Vẻ đẹp tuổi 19 của Kiều Khanh. Ảnh:<em> Anh Tuấn.</em></td>\n</tr>\n</tbody>\n</table>\n<p class="Normal">Cục sẽ xem x&eacute;t hồ sơ v&agrave; tiến h&agrave;nh cấp ph&eacute;p trong những ng&agrave;y tới. &Ocirc;ng Thắng cho hay, theo quy định, sẽ c&oacute; kết quả sau 7 ng&agrave;y.</p>\n<p class="Normal">Trao đổi với <em>VnExpress.net</em>, b&agrave; Th&uacute;y Hạnh -  đại diện Elite - chưa x&aacute;c nhận th&ocirc;ng tin Kiều Khanh được đề cử. B&agrave; chỉ  khẳng định sẽ c&ocirc;ng bố rộng r&atilde;i với b&aacute;o giới về gương mặt người đẹp Việt  Nam tại Miss World sau khi ho&agrave;n tất c&aacute;c thủ tục h&agrave;nh ch&iacute;nh.</p>\n<p class="Normal">Kh&aacute;c với nhiều năm trước, với hai cuộc thi quy m&ocirc; lớn  được tổ chức li&ecirc;n tiếp nhau - Hoa hậu Việt Nam v&agrave; Hoa hậu Thế giới người  Việt - năm nay, Việt Nam c&oacute; kh&aacute; nhiều người đẹp để lựa chọn tham dự c&aacute;c  đấu trường quốc tế. Giữa c&aacute;c ứng vi&ecirc;n đủ ti&ecirc;u chuẩn dự thi Miss World  như Hoa hậu TGNV Diễm Hương, &Aacute; hậu 2 Phạm Th&uacute;y Vy Victoria; Hoa hậu Việt  Nam Ngọc H&acirc;n, &Aacute; hậu 1 Đặng Th&ugrave;y Trang v&agrave; &Aacute; hậu 2 Ho&agrave;ng My... Kiều Khanh  vẫn được đ&aacute;nh gi&aacute; l&agrave; ứng vi&ecirc;n đ&aacute;ng kỳ vọng nhất.</p>\n<table border="0" cellspacing="0" cellpadding="3" width="1" align="center">\n<tbody>\n<tr>\n<td><img src="http://vnexpress.net/Files/Subject/3B/A2/0A/0F/a3.jpg" border="1" alt="" width="400" height="603" /></td>\n</tr>\n<tr>\n<td class="Image">Kiều Khanh tại cuộc thi Hoa hậu Thế giới Người Việt. Ảnh: <em>Ho&agrave;ng H&agrave;.</em></td>\n</tr>\n</tbody>\n</table>\n<p class="Normal">C&ocirc; g&aacute;i 19 tuổi, sống ở Đức nhưng mang quốc tịch Việt  Nam, sở hữu vẻ đẹp tươi tắn, dịu d&agrave;ng v&agrave; trong s&aacute;ng. Khanh cao 1,76 m v&agrave;  c&oacute; số đo h&igrave;nh thể l&agrave; 85-63-94. Tại cuộc thi Hoa hậu Thế giới người  Việt, ngo&agrave;i ng&ocirc;i vị &Aacute; hậu 1, c&ocirc; c&ograve;n đoạt <a class="Normal" href="http://vnexpress.net/GL/Van-hoa/2010/08/3BA1F57C/">danh hiệu Người đẹp Biển</a>.  Người đẹp vừa trở th&agrave;nh t&acirc;n sinh vi&ecirc;n đại học tại Đức lại c&oacute; ưu thế lớn  về mặt ng&ocirc;n ngữ khi sử dụng th&agrave;nh thạo tiếng Anh v&agrave; tiếng Đức. Ngo&agrave;i  ra, Kiều Khanh từng t&iacute;ch lũy được những kinh nghiệm nhất định tại c&aacute;c  cuộc thi sắc đẹp như Hoa hậu Việt Nam tại ch&acirc;u &Acirc;u 2009 v&agrave; Hoa hậu Thế  giới người Việt.</p>'),
(7, 'en', 'Triều Tiên gọi tập trận Mỹ - Hàn là chuẩn bị chiến tranh', 'trieu-tien-goi-tap-tan-my-han-la-chuan-bi-chien-tranh', '', '<p>B&igrave;nh Nhưỡng h&ocirc;m nay tuy&ecirc;n bố cuộc tập trận chống t&agrave;u ngầm m&agrave; Mỹ v&agrave; H&agrave;n  Quốc đang l&ecirc;n kế hoạch l&agrave; cuộc diễn tập cho chiến tranh hạt nh&acirc;n.</p>', '<table border="0" cellspacing="0" cellpadding="3" width="1" align="center">\n<tbody>\n<tr>\n<td><img src="http://vnexpress.net/Files/Subject/3B/A2/0A/43/s1.jpg" alt="Tàu sân bay Mỹ" width="400" height="267" /></td>\n</tr>\n<tr>\n<td class="Image">T&agrave;u s&acirc;n bay Mỹ USS George Washington cập cảng Busan, H&agrave;n Quốc, hồi th&aacute;ng 7. Ảnh: <em>PressTV.</em></td>\n</tr>\n</tbody>\n</table>\n<p class="Normal">Theo <em>AFP</em>, hai đồng minh qu&acirc;n sự n&agrave;y đ&atilde; c&oacute; kế  hoạch diễn tập hải qu&acirc;n chung ở Ho&agrave;ng Hải từ ng&agrave;y 5 đến 9/9 nhưng phải  l&ugrave;i lại v&igrave; một trận b&atilde;o. Giới chức hai b&ecirc;n kh&ocirc;ng h&eacute; lộ g&igrave; về thời điểm  diễn tập nhưng h&atilde;ng <em>Yonhap </em>cho biết chiến dịch n&agrave;y sẽ bắt đầu tuần tới.</p>\n<p class="Normal">Tờ b&aacute;o ch&iacute;nh thức của Triều Ti&ecirc;n <em>Rodong Sinmun </em>c&aacute;o  buộc Mỹ huy động t&agrave;u chở s&acirc;n bay chạy bằng năng lượng hạt nh&acirc;n để tập  trận chung với H&agrave;n Quốc l&agrave; m&agrave;n diễn tập chiến tranh hạt nh&acirc;n.</p>\n<p class="Normal">"Nguy cơ về một cuộc chiến tranh tổng lực đang treo lơ  lửng tr&ecirc;n b&aacute;n đảo Triều Ti&ecirc;n. Tuy nhi&ecirc;n, những kẻ hiếu chiến Mỹ đang  tăng cường vũ lực v&agrave; tập trận ở điểm n&oacute;ng n&agrave;y v&agrave; c&oacute; thể khiến t&igrave;nh h&igrave;nh  chuyển sang giai đoạn trầm trọng kh&ocirc;ng dự b&aacute;o được", tờ b&aacute;o n&agrave;y viết.</p>\n<p class="Normal">B&agrave;i b&aacute;o cũng n&oacute;i th&ecirc;m rằng qu&acirc;n đội v&agrave; nh&acirc;n d&acirc;n Triều  Ti&ecirc;n sẽ kh&ocirc;ng bao giờ chịu đứng nh&igrave;n m&agrave; sẽ "thể hiện khả năng nếu kẻ th&ugrave;  d&aacute;m k&iacute;ch động".</p>\n<p class="Normal">Căng thẳng tr&ecirc;n b&aacute;n đảo Triều Ti&ecirc;n xấu đi nghi&ecirc;m trọng  sau khi Seoul c&aacute;o buộc ngư l&ocirc;i từ t&agrave;u ngầm của Triều Ti&ecirc;n khiến chiến  hạm Cheonan của họ nổ tung v&agrave; l&agrave;m 46 thủy thủ thiệt mạng. B&igrave;nh Nhưỡng  lu&ocirc;n b&aacute;c bỏ c&aacute;o buộc n&agrave;y.</p>\n<p class="Normal">H&agrave;n Quốc tiến h&agrave;nh h&agrave;ng loạt cuộc tập trận, cả đơn lẻ v&agrave; c&ugrave;ng với Mỹ, sau biến cố đ&oacute;.</p>\n<p class="Normal"><strong>Ngọc Sơn</strong></p>'),
(7, 'vi', 'Triều Tiên gọi tập trận Mỹ - Hàn là chuẩn bị chiến tranh', 'trieu-tien-goi-tap-tan-my-han-la-chuan-bi-chien-tranh', '', '<p>B&igrave;nh Nhưỡng h&ocirc;m nay tuy&ecirc;n bố cuộc tập trận chống t&agrave;u ngầm m&agrave; Mỹ v&agrave; H&agrave;n  Quốc đang l&ecirc;n kế hoạch l&agrave; cuộc diễn tập cho chiến tranh hạt nh&acirc;n.</p>', '<table border="0" cellspacing="0" cellpadding="3" width="1" align="center">\n<tbody>\n<tr>\n<td><img src="http://vnexpress.net/Files/Subject/3B/A2/0A/43/s1.jpg" alt="Tàu sân bay Mỹ" width="400" height="267" /></td>\n</tr>\n<tr>\n<td class="Image">T&agrave;u s&acirc;n bay Mỹ USS George Washington cập cảng Busan, H&agrave;n Quốc, hồi th&aacute;ng 7. Ảnh: <em>PressTV.</em></td>\n</tr>\n</tbody>\n</table>\n<p class="Normal">Theo <em>AFP</em>, hai đồng minh qu&acirc;n sự n&agrave;y đ&atilde; c&oacute; kế  hoạch diễn tập hải qu&acirc;n chung ở Ho&agrave;ng Hải từ ng&agrave;y 5 đến 9/9 nhưng phải  l&ugrave;i lại v&igrave; một trận b&atilde;o. Giới chức hai b&ecirc;n kh&ocirc;ng h&eacute; lộ g&igrave; về thời điểm  diễn tập nhưng h&atilde;ng <em>Yonhap </em>cho biết chiến dịch n&agrave;y sẽ bắt đầu tuần tới.</p>\n<p class="Normal">Tờ b&aacute;o ch&iacute;nh thức của Triều Ti&ecirc;n <em>Rodong Sinmun </em>c&aacute;o  buộc Mỹ huy động t&agrave;u chở s&acirc;n bay chạy bằng năng lượng hạt nh&acirc;n để tập  trận chung với H&agrave;n Quốc l&agrave; m&agrave;n diễn tập chiến tranh hạt nh&acirc;n.</p>\n<p class="Normal">"Nguy cơ về một cuộc chiến tranh tổng lực đang treo lơ  lửng tr&ecirc;n b&aacute;n đảo Triều Ti&ecirc;n. Tuy nhi&ecirc;n, những kẻ hiếu chiến Mỹ đang  tăng cường vũ lực v&agrave; tập trận ở điểm n&oacute;ng n&agrave;y v&agrave; c&oacute; thể khiến t&igrave;nh h&igrave;nh  chuyển sang giai đoạn trầm trọng kh&ocirc;ng dự b&aacute;o được", tờ b&aacute;o n&agrave;y viết.</p>\n<p class="Normal">B&agrave;i b&aacute;o cũng n&oacute;i th&ecirc;m rằng qu&acirc;n đội v&agrave; nh&acirc;n d&acirc;n Triều  Ti&ecirc;n sẽ kh&ocirc;ng bao giờ chịu đứng nh&igrave;n m&agrave; sẽ "thể hiện khả năng nếu kẻ th&ugrave;  d&aacute;m k&iacute;ch động".</p>\n<p class="Normal">Căng thẳng tr&ecirc;n b&aacute;n đảo Triều Ti&ecirc;n xấu đi nghi&ecirc;m trọng  sau khi Seoul c&aacute;o buộc ngư l&ocirc;i từ t&agrave;u ngầm của Triều Ti&ecirc;n khiến chiến  hạm Cheonan của họ nổ tung v&agrave; l&agrave;m 46 thủy thủ thiệt mạng. B&igrave;nh Nhưỡng  lu&ocirc;n b&aacute;c bỏ c&aacute;o buộc n&agrave;y.</p>\n<p class="Normal">H&agrave;n Quốc tiến h&agrave;nh h&agrave;ng loạt cuộc tập trận, cả đơn lẻ v&agrave; c&ugrave;ng với Mỹ, sau biến cố đ&oacute;.</p>\n<p class="Normal"><strong>Ngọc Sơn</strong></p>'),
(8, 'en', 'Lễ hội Thánh Gióng được công nhận di sản phi vật thể', 'le-hoi', '', '<h2 class="Lead">Lễ hội Th&aacute;nh Gi&oacute;ng đ&atilde; được Tổ chức Gi&aacute;o  dục, Khoa học v&agrave; Văn h&oacute;a của Li&ecirc;n hợp quốc (UNESCO) đưa v&agrave;o danh s&aacute;ch di  sản phi vật thể của nh&acirc;n loại v&agrave;o tối 16/11.</h2>', '<p class="Normal">Theo UBND th&agrave;nh phố H&agrave; Nội, l&uacute;c 18h20  ng&agrave;y 16/11 (tức 22h20 giờ Việt Nam), tại th&agrave;nh phố Nairobi, thủ đ&ocirc; của  Kenya, Tổ chức Gi&aacute;o dục, Khoa học v&agrave; Văn h&oacute;a của Li&ecirc;n hiệp quốc (UNESCO)  đ&atilde; c&ocirc;ng nhận lễ hội Gi&oacute;ng ở đền Ph&ugrave; Đổng (Gia L&acirc;m) v&agrave; đền S&oacute;c (huyện  S&oacute;c Sơn) l&agrave; di sản văn h&oacute;a phi vật thể đại diện của nh&acirc;n loại.</p>\n<p class="Normal">C&ugrave;ng với lễ hội Gi&oacute;ng, tại phi&ecirc;n họp ng&agrave;y  16/11, Ủy ban li&ecirc;n ch&iacute;nh phủ của UNESCO đ&atilde; xem x&eacute;t v&agrave; c&ocirc;ng nhận 45 di  sản văn h&oacute;a phi vật thể của 29 quốc gia.</p>\n<p class="Normal">Như vậy đến thời điểm hiện nay, Việt Nam  c&oacute; 4 di sản phi vật thể được vinh danh l&agrave; Nh&atilde; nhạc cung đ&igrave;nh Huế; kh&ocirc;ng  gian văn h&oacute;a cồng chi&ecirc;ng T&acirc;y Nguy&ecirc;n; quan họ; hội Gi&oacute;ng ở đền Ph&ugrave; Đổng  v&agrave; đền S&oacute;c.</p>\n<table border="0" cellspacing="0" cellpadding="3" width="1" align="center">\n<tbody>\n<tr>\n<td><img src="http://vnexpress.net/Files/Subject/3B/A2/30/E3/lehoigiong.jpg" alt="" width="460" height="309" /></td>\n</tr>\n<tr>\n<td class="Image">Lễ hội đền Gi&oacute;ng. Ảnh: <em>VOV.</em></td>\n</tr>\n</tbody>\n</table>\n<p class="Normal">Hội Gi&oacute;ng cũng l&agrave; di sản thứ ba của H&agrave;  Nội được UNESCO vinh danh trong năm 2010. Trước đ&oacute;, 82 bia tiến sĩ ở Văn  Miếu - Quốc Tử Gi&aacute;m đ&atilde; được c&ocirc;ng nhận l&agrave; di sản tư liệu thuộc chương  tr&igrave;nh k&yacute; ức thế giới; Khu di t&iacute;ch Trung t&acirc;m Ho&agrave;ng Th&agrave;nh Thăng Long - H&agrave;  Nội được c&ocirc;ng nhận l&agrave; di sản văn h&oacute;a thế giới.</p>\n<p class="Normal">Lễ hội Th&aacute;nh Gi&oacute;ng được tổ chức h&agrave;ng năm  từ ng&agrave;y 6 đến 12/4 &acirc;m lịch, tại l&agrave;ng Gi&oacute;ng, một l&agrave;ng Việt cổ nay thuộc  địa phận của bốn l&agrave;ng Ph&ugrave; Đổng, Ph&ugrave; Dực, Đổng Vi&ecirc;n, Đổng Xuy&ecirc;n của x&atilde;  Ph&ugrave; Đổng (huyện Gia L&acirc;m, H&agrave; Nội). Đ&acirc;y l&agrave; một trong những hội lễ lớn nhất  ở đồng bằng Bắc bộ, một diễn trường lịch sử - văn ho&aacute;, diễn lại sự t&iacute;ch  Th&aacute;nh Gi&oacute;ng đ&aacute;nh thắng giặc &Acirc;n.</p>\n<p class="Normal">Trong lễ hội sẽ c&oacute; những m&agrave;n diễn xướng  độc đ&aacute;o thể hiện tinh thần đo&agrave;n kết, &yacute; ch&iacute; quật cường của d&acirc;n tộc, t&ocirc;n  vinh vị anh h&ugrave;ng d&acirc;n tộc Th&aacute;nh Gi&oacute;ng. Lễ hội Th&aacute;nh Gi&oacute;ng được cử h&agrave;nh  tr&ecirc;n một diễn trường rộng lớn d&agrave;i khoảng 3 km gồm đền Thượng, đền Mẫu  (thờ mẹ Gi&oacute;ng) v&agrave; ch&ugrave;a Kiến Sơ.</p>');

-- --------------------------------------------------------

--
-- Table structure for table `news_rate`
--

CREATE TABLE IF NOT EXISTS `news_rate` (
  `id` int(11) NOT NULL auto_increment,
  `type` tinyint(1) default NULL,
  `value` float default NULL,
  `date` int(11) default NULL,
  `news_id` int(11) default NULL,
  `users_id` int(11) NOT NULL default '0',
  PRIMARY KEY  (`id`)
) ENGINE=MyISAM DEFAULT CHARSET=utf8 AUTO_INCREMENT=1 ;

-- --------------------------------------------------------

--
-- Table structure for table `news_tags`
--

CREATE TABLE IF NOT EXISTS `news_tags` (
  `id` int(11) NOT NULL,
  `is_module` tinyint(1) NOT NULL default '0',
  `is_enabled` tinyint(1) NOT NULL default '0',
  PRIMARY KEY  (`id`)
) ENGINE=MyISAM DEFAULT CHARSET=utf8;

-- --------------------------------------------------------

--
-- Table structure for table `news_tags_lang`
--

CREATE TABLE IF NOT EXISTS `news_tags_lang` (
  `tags_id` int(11) NOT NULL,
  `lang` varchar(3) collate utf8_unicode_ci NOT NULL default 'vn',
  `name` text collate utf8_unicode_ci NOT NULL,
  `url` varchar(64) collate utf8_unicode_ci NOT NULL,
  `description` text collate utf8_unicode_ci NOT NULL,
  `img_symbol` varchar(100) collate utf8_unicode_ci NOT NULL
) ENGINE=MyISAM DEFAULT CHARSET=utf8 COLLATE=utf8_unicode_ci;

-- --------------------------------------------------------

--
-- Table structure for table `news_tags_news`
--

CREATE TABLE IF NOT EXISTS `news_tags_news` (
  `tags_id` int(11) NOT NULL,
  `news_id` int(11) NOT NULL,
  PRIMARY KEY  (`tags_id`,`news_id`)
) ENGINE=MyISAM DEFAULT CHARSET=utf8;

-- --------------------------------------------------------

--
-- Table structure for table `nickchat`
--

CREATE TABLE IF NOT EXISTS `nickchat` (
  `id` int(11) NOT NULL auto_increment,
  `name` varchar(50) collate utf8_unicode_ci NOT NULL,
  `nickchat` varchar(50) collate utf8_unicode_ci NOT NULL,
  `active` tinyint(1) NOT NULL,
  PRIMARY KEY  (`id`)
) ENGINE=MyISAM  DEFAULT CHARSET=utf8 COLLATE=utf8_unicode_ci AUTO_INCREMENT=7 ;

--
-- Dumping data for table `nickchat`
--

INSERT INTO `nickchat` (`id`, `name`, `nickchat`, `active`) VALUES
(3, 'Hồ Thanh Minh', 'thanhminh_246', 1),
(6, 'Lê Cẩm Oanh', 'phuquocsmile01', 1);

-- --------------------------------------------------------

--
-- Table structure for table `page`
--

CREATE TABLE IF NOT EXISTS `page` (
  `id` int(11) NOT NULL auto_increment,
  `css` text NOT NULL,
  `view` varchar(64) NOT NULL,
  `master_view` varchar(64) NOT NULL,
  `active` tinyint(1) NOT NULL default '0',
  PRIMARY KEY  (`id`)
) ENGINE=MyISAM  DEFAULT CHARSET=utf8 AUTO_INCREMENT=4 ;

--
-- Dumping data for table `page`
--

INSERT INTO `page` (`id`, `css`, `view`, `master_view`, `active`) VALUES
(1, '', '', '', 1),
(2, '', '', '', 1),
(3, '', '', '', 1);

-- --------------------------------------------------------

--
-- Table structure for table `page_lang`
--

CREATE TABLE IF NOT EXISTS `page_lang` (
  `page_id` tinyint(11) NOT NULL,
  `lang` varchar(3) collate utf8_unicode_ci NOT NULL default 'vi',
  `title` text collate utf8_unicode_ci NOT NULL,
  `content` longtext collate utf8_unicode_ci NOT NULL
) ENGINE=MyISAM DEFAULT CHARSET=utf8 COLLATE=utf8_unicode_ci;

--
-- Dumping data for table `page_lang`
--

INSERT INTO `page_lang` (`page_id`, `lang`, `title`, `content`) VALUES
(1, 'vi', 'Giới thiệu', '<h4 style="text-align: justify;"><span style="font-family: arial,helvetica,sans-serif; font-size: small;">Ph&uacute; Quốc, một h&ograve;n đảo du lịch xinh đẹp vốn được mệnh danh l&agrave; thi&ecirc;n đường rực nắng, với nhiều b&atilde;i biển trải d&agrave;i từ ph&iacute;a bắc đến nam, thế giới sinh vật biển đầy m&agrave;u sắc, rừng n&uacute;i &nbsp;trập tr&ugrave;ng b&iacute; ẩn &hellip;</span></h4>\n<p style="text-align: justify;"><span style="font-family: arial,helvetica,sans-serif; font-size: small;"><br /></span></p>\n<h4 style="text-align: justify;"><span style="font-family: arial,helvetica,sans-serif; font-size: small;">Đến với Du Lịch H&agrave;nh Tr&igrave;nh Xanh, &nbsp;C&ugrave;ng đội ngũ nh&acirc;n vi&ecirc;n trẻ nhiệt t&igrave;nh, năng động, đam m&ecirc; nghề nghiệp, hướng dẫn vi&ecirc;n nhiều năm kinh nghiệm trong lĩnh vực du lịch v&agrave; phục vụ du lịch. Ch&uacute;ng t&ocirc;i sẽ đưa &nbsp;Qu&yacute; kh&aacute;ch h&ograve;a m&igrave;nh v&agrave;o những n&eacute;t đặc trưng ri&ecirc;ng, thưởng ngoạn vẻ đẹp h&ugrave;ng vĩ, hoang d&atilde; hay thơ mộng của cảnh vật thi&ecirc;n nhi&ecirc;n.</span></h4>\n<p style="text-align: justify;"><span style="font-family: arial,helvetica,sans-serif; font-size: small;"><br /></span></p>\n<h4 style="text-align: justify;"><span style="font-family: arial,helvetica,sans-serif; font-size: small;">Với nhiều chương tr&igrave;nh tham quan&nbsp;đảo Ph&uacute; Quốc c&ugrave;ng c&aacute;c dịch vụ v&eacute; m&aacute;y bay, v&eacute; t&agrave;u, visa, cho thu&ecirc; xe du lịch&hellip;du&nbsp;kh&aacute;ch sẽ cảm nhận được sự kh&aacute;c biệt khi đến với ch&uacute;ng t&ocirc;i. Đặc biệt&nbsp;ch&uacute;ng t&ocirc;i c&oacute; thể thiết kế tour&nbsp;ri&ecirc;ng&nbsp;theo nhu cầu của Q&uacute;i&nbsp;kh&aacute;ch.</span></h4>\n<p style="text-align: justify;"><span style="font-family: arial,helvetica,sans-serif; font-size: small;"><br /></span></p>\n<h4 style="text-align: justify;"><span style="font-family: arial,helvetica,sans-serif; font-size: small;">Mọi chi tiết xin vui l&ograve;ng li&ecirc;n hệ <strong>:</strong></span></h4>\n<h4 style="text-align: justify;"><span style="font-family: arial,helvetica,sans-serif; font-size: small;"><strong> <span style="color: #197dab;"><span style="color: #000000;">Tell</span> 077 39 78 111 - <span style="color: #000000;">Fax</span> 077 39 78 222</span></strong> </span></h4>\n<h4 style="text-align: justify;"><span style="font-family: arial,helvetica,sans-serif; font-size: small;"><strong>Hotline</strong>: <span style="color: #197dab;"><strong>0907 55 0809 or 0907 588 155</strong> </span></span></h4>\n<h4 style="text-align: justify;"><span style="font-family: arial,helvetica,sans-serif; font-size: small;">Email: <a href="mailto:info@phuquocsmile.com">info@phuquocsmile.com</a></span><span style="font-size: small; line-height: 115%; font-family: arial,helvetica,sans-serif;"><span style="color: #3366ff;"> -&nbsp;</span> <a href="mailto:thanhminh@phuquocsmile.com">thanhminh@phuquocsmile.com</a></span></h4>\n<h4 style="text-align: justify;"><span style="font-family: arial,helvetica,sans-serif; font-size: small;">Website: <a href="http://www.phuquocsmile.com/">http://www.phuquocsmile.com</a></span></h4>\n<div id="_mcePaste" class="mcePaste" style="position: absolute; left: -10000px; top: 62px; width: 1px; height: 1px; overflow: hidden;">\n<p>&lt;!--[if gte mso 9]>&lt;xml&gt; <w:WordDocument> <w:View>Normal</w:View> <w:Zoom>0</w:Zoom> <w:TrackMoves /> <w:TrackFormatting /> <w:PunctuationKerning /> <w:ValidateAgainstSchemas /> <w:SaveIfXMLInvalid>false</w:SaveIfXMLInvalid> <w:IgnoreMixedContent>false</w:IgnoreMixedContent> <w:AlwaysShowPlaceholderText>false</w:AlwaysShowPlaceholderText> <w:DoNotPromoteQF /> <w:LidThemeOther>EN-US</w:LidThemeOther> <w:LidThemeAsian>X-NONE</w:LidThemeAsian> <w:LidThemeComplexScript>X-NONE</w:LidThemeComplexScript> <w:Compatibility> <w:BreakWrappedTables /> <w:SnapToGridInCell /> <w:WrapTextWithPunct /> <w:UseAsianBreakRules /> <w:DontGrowAutofit /> <w:SplitPgBreakAndParaMark /> <w:DontVertAlignCellWithSp /> <w:DontBreakConstrainedForcedTables /> <w:DontVertAlignInTxbx /> <w:Word11KerningPairs /> <w:CachedColBalance /> </w:Compatibility> <w:BrowserLevel>MicrosoftInternetExplorer4</w:BrowserLevel> <m:mathPr> <m:mathFont m:val="Cambria Math" /> <m:brkBin m:val="before" /> <m:brkBinSub m:val=" " /> <m:smallFrac m:val="off" /> <m:dispDef /> <m:lMargin m:val="0" /> <m:rMargin m:val="0" /> <m:defJc m:val="centerGroup" /> <m:wrapIndent m:val="1440" /> <m:intLim m:val="subSup" /> <m:naryLim m:val="undOvr" /> </m:mathPr></w:WordDocument> &lt;/xml&gt;&lt;![endif]--&gt;&lt;!--[if gte mso 9]>&lt;xml&gt; <w:LatentStyles DefLockedState="false" DefUnhideWhenUsed="true"   DefSemiHidden="true" DefQFormat="false" DefPriority="99"   LatentStyleCount="267"> <w:LsdException Locked="false" Priority="0" SemiHidden="false"    UnhideWhenUsed="false" QFormat="true" Name="Normal" /> <w:LsdException Locked="false" Priority="9" SemiHidden="false"    UnhideWhenUsed="false" QFormat="true" Name="heading 1" /> <w:LsdException Locked="false" Priority="9" QFormat="true" Name="heading 2" /> <w:LsdException Locked="false" Priority="9" QFormat="true" Name="heading 3" /> <w:LsdException Locked="false" Priority="9" QFormat="true" Name="heading 4" /> <w:LsdException Locked="false" Priority="9" QFormat="true" Name="heading 5" /> <w:LsdException Locked="false" Priority="9" QFormat="true" Name="heading 6" /> <w:LsdException Locked="false" Priority="9" QFormat="true" Name="heading 7" /> <w:LsdException Locked="false" Priority="9" QFormat="true" Name="heading 8" /> <w:LsdException Locked="false" Priority="9" QFormat="true" Name="heading 9" /> <w:LsdException Locked="false" Priority="39" Name="toc 1" /> <w:LsdException Locked="false" Priority="39" Name="toc 2" /> <w:LsdException Locked="false" Priority="39" Name="toc 3" /> <w:LsdException Locked="false" Priority="39" Name="toc 4" /> <w:LsdException Locked="false" Priority="39" Name="toc 5" /> <w:LsdException Locked="false" Priority="39" Name="toc 6" /> <w:LsdException Locked="false" Priority="39" Name="toc 7" /> <w:LsdException Locked="false" Priority="39" Name="toc 8" /> <w:LsdException Locked="false" Priority="39" Name="toc 9" /> <w:LsdException Locked="false" Priority="35" QFormat="true" Name="caption" /> <w:LsdException Locked="false" Priority="10" SemiHidden="false"    UnhideWhenUsed="false" QFormat="true" Name="Title" /> <w:LsdException Locked="false" Priority="1" Name="Default Paragraph Font" /> <w:LsdException Locked="false" Priority="11" SemiHidden="false"    UnhideWhenUsed="false" QFormat="true" Name="Subtitle" /> <w:LsdException Locked="false" Priority="22" SemiHidden="false"    UnhideWhenUsed="false" QFormat="true" Name="Strong" /> <w:LsdException Locked="false" Priority="20" SemiHidden="false"    UnhideWhenUsed="false" QFormat="true" Name="Emphasis" /> <w:LsdException Locked="false" Priority="59" SemiHidden="false"    UnhideWhenUsed="false" Name="Table Grid" /> <w:LsdException Locked="false" UnhideWhenUsed="false" Name="Placeholder Text" /> <w:LsdException Locked="false" Priority="1" SemiHidden="false"    UnhideWhenUsed="false" QFormat="true" Name="No Spacing" /> <w:LsdException Locked="false" Priority="60" SemiHidden="false"    UnhideWhenUsed="false" Name="Light Shading" /> <w:LsdException Locked="false" Priority="61" SemiHidden="false"    UnhideWhenUsed="false" Name="Light List" /> <w:LsdException Locked="false" Priority="62" SemiHidden="false"    UnhideWhenUsed="false" Name="Light Grid" /> <w:LsdException Locked="false" Priority="63" SemiHidden="false"    UnhideWhenUsed="false" Name="Medium Shading 1" /> <w:LsdException Locked="false" Priority="64" SemiHidden="false"    UnhideWhenUsed="false" Name="Medium Shading 2" /> <w:LsdException Locked="false" Priority="65" SemiHidden="false"    UnhideWhenUsed="false" Name="Medium List 1" /> <w:LsdException Locked="false" Priority="66" SemiHidden="false"    UnhideWhenUsed="false" Name="Medium List 2" /> <w:LsdException Locked="false" Priority="67" SemiHidden="false"    UnhideWhenUsed="false" Name="Medium Grid 1" /> <w:LsdException Locked="false" Priority="68" SemiHidden="false"    UnhideWhenUsed="false" Name="Medium Grid 2" /> <w:LsdException Locked="false" Priority="69" SemiHidden="false"    UnhideWhenUsed="false" Name="Medium Grid 3" /> <w:LsdException Locked="false" Priority="70" SemiHidden="false"    UnhideWhenUsed="false" Name="Dark List" /> <w:LsdException Locked="false" Priority="71" SemiHidden="false"    UnhideWhenUsed="false" Name="Colorful Shading" /> <w:LsdException Locked="false" Priority="72" SemiHidden="false"    UnhideWhenUsed="false" Name="Colorful List" /> <w:LsdException Locked="false" Priority="73" SemiHidden="false"    UnhideWhenUsed="false" Name="Colorful Grid" /> <w:LsdException Locked="false" Priority="60" SemiHidden="false"    UnhideWhenUsed="false" Name="Light Shading Accent 1" /> <w:LsdException Locked="false" Priority="61" SemiHidden="false"    UnhideWhenUsed="false" Name="Light List Accent 1" /> <w:LsdException Locked="false" Priority="62" SemiHidden="false"    UnhideWhenUsed="false" Name="Light Grid Accent 1" /> <w:LsdException Locked="false" Priority="63" SemiHidden="false"    UnhideWhenUsed="false" Name="Medium Shading 1 Accent 1" /> <w:LsdException Locked="false" Priority="64" SemiHidden="false"    UnhideWhenUsed="false" Name="Medium Shading 2 Accent 1" /> <w:LsdException Locked="false" Priority="65" SemiHidden="false"    UnhideWhenUsed="false" Name="Medium List 1 Accent 1" /> <w:LsdException Locked="false" UnhideWhenUsed="false" Name="Revision" /> <w:LsdException Locked="false" Priority="34" SemiHidden="false"    UnhideWhenUsed="false" QFormat="true" Name="List Paragraph" /> <w:LsdException Locked="false" Priority="29" SemiHidden="false"    UnhideWhenUsed="false" QFormat="true" Name="Quote" /> <w:LsdException Locked="false" Priority="30" SemiHidden="false"    UnhideWhenUsed="false" QFormat="true" Name="Intense Quote" /> <w:LsdException Locked="false" Priority="66" SemiHidden="false"    UnhideWhenUsed="false" Name="Medium List 2 Accent 1" /> <w:LsdException Locked="false" Priority="67" SemiHidden="false"    UnhideWhenUsed="false" Name="Medium Grid 1 Accent 1" /> <w:LsdException Locked="false" Priority="68" SemiHidden="false"    UnhideWhenUsed="false" Name="Medium Grid 2 Accent 1" /> <w:LsdException Locked="false" Priority="69" SemiHidden="false"    UnhideWhenUsed="false" Name="Medium Grid 3 Accent 1" /> <w:LsdException Locked="false" Priority="70" SemiHidden="false"    UnhideWhenUsed="false" Name="Dark List Accent 1" /> <w:LsdException Locked="false" Priority="71" SemiHidden="false"    UnhideWhenUsed="false" Name="Colorful Shading Accent 1" /> <w:LsdException Locked="false" Priority="72" SemiHidden="false"    UnhideWhenUsed="false" Name="Colorful List Accent 1" /> <w:LsdException Locked="false" Priority="73" SemiHidden="false"    UnhideWhenUsed="false" Name="Colorful Grid Accent 1" /> <w:LsdException Locked="false" Priority="60" SemiHidden="false"    UnhideWhenUsed="false" Name="Light Shading Accent 2" /> <w:LsdException Locked="false" Priority="61" SemiHidden="false"    UnhideWhenUsed="false" Name="Light List Accent 2" /> <w:LsdException Locked="false" Priority="62" SemiHidden="false"    UnhideWhenUsed="false" Name="Light Grid Accent 2" /> <w:LsdException Locked="false" Priority="63" SemiHidden="false"    UnhideWhenUsed="false" Name="Medium Shading 1 Accent 2" /> <w:LsdException Locked="false" Priority="64" SemiHidden="false"    UnhideWhenUsed="false" Name="Medium Shading 2 Accent 2" /> <w:LsdException Locked="false" Priority="65" SemiHidden="false"    UnhideWhenUsed="false" Name="Medium List 1 Accent 2" /> <w:LsdException Locked="false" Priority="66" SemiHidden="false"    UnhideWhenUsed="false" Name="Medium List 2 Accent 2" /> <w:LsdException Locked="false" Priority="67" SemiHidden="false"    UnhideWhenUsed="false" Name="Medium Grid 1 Accent 2" /> <w:LsdException Locked="false" Priority="68" SemiHidden="false"    UnhideWhenUsed="false" Name="Medium Grid 2 Accent 2" /> <w:LsdException Locked="false" Priority="69" SemiHidden="false"    UnhideWhenUsed="false" Name="Medium Grid 3 Accent 2" /> <w:LsdException Locked="false" Priority="70" SemiHidden="false"    UnhideWhenUsed="false" Name="Dark List Accent 2" /> <w:LsdException Locked="false" Priority="71" SemiHidden="false"    UnhideWhenUsed="false" Name="Colorful Shading Accent 2" /> <w:LsdException Locked="false" Priority="72" SemiHidden="false"    UnhideWhenUsed="false" Name="Colorful List Accent 2" /> <w:LsdException Locked="false" Priority="73" SemiHidden="false"    UnhideWhenUsed="false" Name="Colorful Grid Accent 2" /> <w:LsdException Locked="false" Priority="60" SemiHidden="false"    UnhideWhenUsed="false" Name="Light Shading Accent 3" /> <w:LsdException Locked="false" Priority="61" SemiHidden="false"    UnhideWhenUsed="false" Name="Light List Accent 3" /> <w:LsdException Locked="false" Priority="62" SemiHidden="false"    UnhideWhenUsed="false" Name="Light Grid Accent 3" /> <w:LsdException Locked="false" Priority="63" SemiHidden="false"    UnhideWhenUsed="false" Name="Medium Shading 1 Accent 3" /> <w:LsdException Locked="false" Priority="64" SemiHidden="false"    UnhideWhenUsed="false" Name="Medium Shading 2 Accent 3" /> <w:LsdException Locked="false" Priority="65" SemiHidden="false"    UnhideWhenUsed="false" Name="Medium List 1 Accent 3" /> <w:LsdException Locked="false" Priority="66" SemiHidden="false"    UnhideWhenUsed="false" Name="Medium List 2 Accent 3" /> <w:LsdException Locked="false" Priority="67" SemiHidden="false"    UnhideWhenUsed="false" Name="Medium Grid 1 Accent 3" /> <w:LsdException Locked="false" Priority="68" SemiHidden="false"    UnhideWhenUsed="false" Name="Medium Grid 2 Accent 3" /> <w:LsdException Locked="false" Priority="69" SemiHidden="false"    UnhideWhenUsed="false" Name="Medium Grid 3 Accent 3" /> <w:LsdException Locked="false" Priority="70" SemiHidden="false"    UnhideWhenUsed="false" Name="Dark List Accent 3" /> <w:LsdException Locked="false" Priority="71" SemiHidden="false"    UnhideWhenUsed="false" Name="Colorful Shading Accent 3" /> <w:LsdException Locked="false" Priority="72" SemiHidden="false"    UnhideWhenUsed="false" Name="Colorful List Accent 3" /> <w:LsdException Locked="false" Priority="73" SemiHidden="false"    UnhideWhenUsed="false" Name="Colorful Grid Accent 3" /> <w:LsdException Locked="false" Priority="60" SemiHidden="false"    UnhideWhenUsed="false" Name="Light Shading Accent 4" /> <w:LsdException Locked="false" Priority="61" SemiHidden="false"    UnhideWhenUsed="false" Name="Light List Accent 4" /> <w:LsdException Locked="false" Priority="62" SemiHidden="false"    UnhideWhenUsed="false" Name="Light Grid Accent 4" /> <w:LsdException Locked="false" Priority="63" SemiHidden="false"    UnhideWhenUsed="false" Name="Medium Shading 1 Accent 4" /> <w:LsdException Locked="false" Priority="64" SemiHidden="false"    UnhideWhenUsed="false" Name="Medium Shading 2 Accent 4" /> <w:LsdException Locked="false" Priority="65" SemiHidden="false"    UnhideWhenUsed="false" Name="Medium List 1 Accent 4" /> <w:LsdException Locked="false" Priority="66" SemiHidden="false"    UnhideWhenUsed="false" Name="Medium List 2 Accent 4" /> <w:LsdException Locked="false" Priority="67" SemiHidden="false"    UnhideWhenUsed="false" Name="Medium Grid 1 Accent 4" /> <w:LsdException Locked="false" Priority="68" SemiHidden="false"    UnhideWhenUsed="false" Name="Medium Grid 2 Accent 4" /> <w:LsdException Locked="false" Priority="69" SemiHidden="false"    UnhideWhenUsed="false" Name="Medium Grid 3 Accent 4" /> <w:LsdException Locked="false" Priority="70" SemiHidden="false"    UnhideWhenUsed="false" Name="Dark List Accent 4" /> <w:LsdException Locked="false" Priority="71" SemiHidden="false"    UnhideWhenUsed="false" Name="Colorful Shading Accent 4" /> <w:LsdException Locked="false" Priority="72" SemiHidden="false"    UnhideWhenUsed="false" Name="Colorful List Accent 4" /> <w:LsdException Locked="false" Priority="73" SemiHidden="false"    UnhideWhenUsed="false" Name="Colorful Grid Accent 4" /> <w:LsdException Locked="false" Priority="60" SemiHidden="false"    UnhideWhenUsed="false" Name="Light Shading Accent 5" /> <w:LsdException Locked="false" Priority="61" SemiHidden="false"    UnhideWhenUsed="false" Name="Light List Accent 5" /> <w:LsdException Locked="false" Priority="62" SemiHidden="false"    UnhideWhenUsed="false" Name="Light Grid Accent 5" /> <w:LsdException Locked="false" Priority="63" SemiHidden="false"    UnhideWhenUsed="false" Name="Medium Shading 1 Accent 5" /> <w:LsdException Locked="false" Priority="64" SemiHidden="false"    UnhideWhenUsed="false" Name="Medium Shading 2 Accent 5" /> <w:LsdException Locked="false" Priority="65" SemiHidden="false"    UnhideWhenUsed="false" Name="Medium List 1 Accent 5" /> <w:LsdException Locked="false" Priority="66" SemiHidden="false"    UnhideWhenUsed="false" Name="Medium List 2 Accent 5" /> <w:LsdException Locked="false" Priority="67" SemiHidden="false"    UnhideWhenUsed="false" Name="Medium Grid 1 Accent 5" /> <w:LsdException Locked="false" Priority="68" SemiHidden="false"    UnhideWhenUsed="false" Name="Medium Grid 2 Accent 5" /> <w:LsdException Locked="false" Priority="69" SemiHidden="false"    UnhideWhenUsed="false" Name="Medium Grid 3 Accent 5" /> <w:LsdException Locked="false" Priority="70" SemiHidden="false"    UnhideWhenUsed="false" Name="Dark List Accent 5" /> <w:LsdException Locked="false" Priority="71" SemiHidden="false"    UnhideWhenUsed="false" Name="Colorful Shading Accent 5" /> <w:LsdException Locked="false" Priority="72" SemiHidden="false"    UnhideWhenUsed="false" Name="Colorful List Accent 5" /> <w:LsdException Locked="false" Priority="73" SemiHidden="false"    UnhideWhenUsed="false" Name="Colorful Grid Accent 5" /> <w:LsdException Locked="false" Priority="60" SemiHidden="false"    UnhideWhenUsed="false" Name="Light Shading Accent 6" /> <w:LsdException Locked="false" Priority="61" SemiHidden="false"    UnhideWhenUsed="false" Name="Light List Accent 6" /> <w:LsdException Locked="false" Priority="62" SemiHidden="false"    UnhideWhenUsed="false" Name="Light Grid Accent 6" /> <w:LsdException Locked="false" Priority="63" SemiHidden="false"    UnhideWhenUsed="false" Name="Medium Shading 1 Accent 6" /> <w:LsdException Locked="false" Priority="64" SemiHidden="false"    UnhideWhenUsed="false" Name="Medium Shading 2 Accent 6" /> <w:LsdException Locked="false" Priority="65" SemiHidden="false"    UnhideWhenUsed="false" Name="Medium List 1 Accent 6" /> <w:LsdException Locked="false" Priority="66" SemiHidden="false"    UnhideWhenUsed="false" Name="Medium List 2 Accent 6" /> <w:LsdException Locked="false" Priority="67" SemiHidden="false"    UnhideWhenUsed="false" Name="Medium Grid 1 Accent 6" /> <w:LsdException Locked="false" Priority="68" SemiHidden="false"    UnhideWhenUsed="false" Name="Medium Grid 2 Accent 6" /> <w:LsdException Locked="false" Priority="69" SemiHidden="false"    UnhideWhenUsed="false" Name="Medium Grid 3 Accent 6" /> <w:LsdException Locked="false" Priority="70" SemiHidden="false"    UnhideWhenUsed="false" Name="Dark List Accent 6" /> <w:LsdException Locked="false" Priority="71" SemiHidden="false"    UnhideWhenUsed="false" Name="Colorful Shading Accent 6" /> <w:LsdException Locked="false" Priority="72" SemiHidden="false"    UnhideWhenUsed="false" Name="Colorful List Accent 6" /> <w:LsdException Locked="false" Priority="73" SemiHidden="false"    UnhideWhenUsed="false" Name="Colorful Grid Accent 6" /> <w:LsdException Locked="false" Priority="19" SemiHidden="false"    UnhideWhenUsed="false" QFormat="true" Name="Subtle Emphasis" /> <w:LsdException Locked="false" Priority="21" SemiHidden="false"    UnhideWhenUsed="false" QFormat="true" Name="Intense Emphasis" /> <w:LsdException Locked="false" Priority="31" SemiHidden="false"    UnhideWhenUsed="false" QFormat="true" Name="Subtle Reference" /> <w:LsdException Locked="false" Priority="32" SemiHidden="false"    UnhideWhenUsed="false" QFormat="true" Name="Intense Reference" /> <w:LsdException Locked="false" Priority="33" SemiHidden="false"    UnhideWhenUsed="false" QFormat="true" Name="Book Title" /> <w:LsdException Locked="false" Priority="37" Name="Bibliography" /> <w:LsdException Locked="false" Priority="39" QFormat="true" Name="TOC Heading" /> </w:LatentStyles> &lt;/xml&gt;&lt;![endif]--&gt;&lt;!--[if gte mso 10]> <mce:style><!   /* Style Definitions */  table.MsoNormalTable  {mso-style-name:"Table Normal";  mso-tstyle-rowband-size:0;  mso-tstyle-colband-size:0;  mso-style-noshow:yes;  mso-style-priority:99;  mso-style-qformat:yes;  mso-style-parent:"";  mso-padding-alt:0cm 5.4pt 0cm 5.4pt;  mso-para-margin-top:0cm;  mso-para-margin-right:0cm;  mso-para-margin-bottom:10.0pt;  mso-para-margin-left:0cm;  line-height:115%;  mso-pagination:widow-orphan;  font-size:11.0pt;  font-family:"Calibri","sans-serif";  mso-ascii-font-family:Calibri;  mso-ascii-theme-font:minor-latin;  mso-fareast-font-family:"Times New Roman";  mso-fareast-theme-font:minor-fareast;  mso-hansi-font-family:Calibri;  mso-hansi-theme-font:minor-latin;  mso-bidi-font-family:"Times New Roman";  mso-bidi-theme-font:minor-bidi;} --&gt;</p>\n<p>&nbsp;</p>\n<p>&nbsp;</p>\n<p>&lt;!--[endif]--&gt;<span style="font-size: 11pt; line-height: 115%;"><a href="mailto:thanhminh@phuquocsmile.com">thanhminh@phuquocsmile.com</a></span></p>\n</div>'),
(1, 'en', 'About Us', '<p style="text-align: center;"><span style="font-size: medium; color: #008000; font-family: arial,helvetica,sans-serif;"><strong>WELCOME TO GREEN CRUISE TOURISM</strong></span></p>\n<p style="text-align: justify;"><span style="font-family: arial,helvetica,sans-serif; font-size: small; color: #0000ff;">Phu Quoc, an island in the beautiful tourist capital is known as sunny paradise, with beaches stretching from north to south, the world is colorful marine life, forests identical shutter mystery ...</span></p>\n<p style="text-align: justify;"><span style="font-family: arial,helvetica,sans-serif; font-size: small; color: #0000ff;">Travel Journey to Green Cruise Tourism, following the of&nbsp; young, enthusiastic, dynamic, passionate staffs and numerous guides with years of experience in the field of tourism and tourist services. We will drive you into the mix with own characteristic, enjoy the spectacular beauty, wildlife or the romantic scenes of nature.</span></p>\n<p style="text-align: justify;"><br /><span style="font-family: arial,helvetica,sans-serif; font-size: small; color: #0000ff;">With multiple tours to Phu Quoc Island with the flight and boat tickets, visa, travel, car rental travelers&hellip;you will have the comfortable feeling when you come to us. Especially, we could design the individual tour for your requirement.<br /></span></p>\n<p style="text-align: justify;">&nbsp;</p>\n<p style="text-align: justify;"><span style="font-size: small;"><span style="font-family: arial,helvetica,sans-serif; color: #0000ff;">Please contact with us :&nbsp; 077 39 78 111. </span><span style="color: #0000ff;"><span style="font-family: arial,helvetica,sans-serif;">Hotline: </span><strong>0937 00 6886</strong> &ndash; <strong>&nbsp;</strong><strong>0907 55 0809</strong></span></span></p>\n<p style="text-align: justify;"><span style="font-family: arial,helvetica,sans-serif; font-size: small; color: #0000ff;">Email:</span><span style="font-family: arial,helvetica,sans-serif; font-size: small;"><a href="mailto:info@phuquocsmile.com">info@phuquocsmile.com</a></span><span style="font-size: small; line-height: 115%; font-family: arial,helvetica,sans-serif;"><span style="color: #3366ff;"> -&nbsp;</span> <a href="mailto:thanhminh@phuquocsmile.com">thanhminh@phuquocsmile.com</a></span></p>\n<p style="text-align: justify;"><span style="font-family: arial,helvetica,sans-serif; font-size: small; color: #0000ff;">Website: <a href="http://www.phuquocsmile.com/">http://www.phuquocsmile.com</a> &ndash; <a href="http://www.phuquocgtc.vn/">http://www.phuquocgtc.vn</a></span></p>'),
(2, 'vi', 'Thư ngỏ', '<h1 class="Title">Vượng &lsquo;R&acirc;u&rsquo; trần t&igrave;nh về việc bị cảnh s&aacute;t tạm giữ</h1>\n<h2 class="Lead">C&acirc;y h&agrave;i cho biết, anh bị nhầm đường chứ kh&ocirc;ng cố t&igrave;nh  đi v&agrave;o đường một chiều v&agrave; đ&atilde; tự nguyện nộp phạt. Chiếc d&ugrave;i cui điện tr&ecirc;n  xe chỉ l&agrave; đạo cụ l&agrave;m phim n&ecirc;n sau khi k&yacute; v&agrave;o bi&ecirc;n bản, anh đ&atilde; được cho  về m&agrave; kh&ocirc;ng bị tạm giữ 24 tiếng.</h2>\n<p class="Normal">Ng&agrave;y 8/1, Nguyễn C&ocirc;ng Vượng đi xe 4 chỗ v&agrave;o đường cấm, bị cảnh s&aacute;t giao th&ocirc;ng H&agrave; Nội y&ecirc;u cầu dừng xe. Cảnh s&aacute;t <a class="Normal" href="http://ngoisao.net/tin-tuc/hinh-su/2012/01/danh-hai-vuong-rau-tang-tru-dui-cui-dien-188287/">t&igrave;m thấy một d&ugrave;i cui điện</a> tr&ecirc;n &ocirc;t&ocirc; n&ecirc;n anh bị đưa về Ph&ograve;ng Cảnh s&aacute;t h&igrave;nh sự lập bi&ecirc;n bản. N&oacute;i về  việc n&agrave;y, Vượng "R&acirc;u" chia sẻ, anh nhầm đường chứ kh&ocirc;ng cố t&igrave;nh đi v&agrave;o  đường một chiều v&agrave; khi được cảnh s&aacute;t b&aacute;o hiệu anh đ&atilde; xuống xe ngay, chủ  động xin được nộp phạt v&agrave; kh&ocirc;ng c&oacute; ph&aacute;t ng&ocirc;n phản cảm n&agrave;o. &ldquo;Nhiều anh  cảnh s&aacute;t nhận ra t&ocirc;i n&ecirc;n th&aacute;i độ rất vui vẻ, nhưng t&ocirc;i kh&ocirc;ng lợi dụng  điều đ&oacute; để xin tha. T&ocirc;i cho rằng mọi người đều b&igrave;nh đẳng trước ph&aacute;p  luật, d&ugrave; l&agrave; ai đi nữa. C&aacute;c anh cảnh s&aacute;t đang thực hiện nhiệm vụ, t&ocirc;i l&agrave;  nghệ sĩ. T&ocirc;i đ&aacute;ng ra phải tuy&ecirc;n tuyền về an to&agrave;n giao th&ocirc;ng, trật tự th&igrave; lại vi phạm n&ecirc;n đ&aacute;ng bị phạt&rdquo; - nam diễn vi&ecirc;n gi&atilde;i b&agrave;y.</p>\n<table border="0" cellspacing="0" cellpadding="3" width="1" height="3" align="center">\n<tbody>\n<tr>\n<td>&nbsp;</td>\n</tr>\n<tr>\n<td class="Image"><br /></td>\n</tr>\n</tbody>\n</table>\n<p class="Normal">Nghệ sĩ gốc Nam Định cũng ph&acirc;n trần rằng,  chiếc d&ugrave;i cui điện được t&igrave;m thấy tr&ecirc;n &ocirc;t&ocirc; kh&ocirc;ng phải của anh. Vũ kh&iacute; n&agrave;y  đ&atilde; bị hỏng v&agrave; chỉ l&agrave; một đạo cụ l&agrave;m phim. &ldquo;L&yacute; lịch của t&ocirc;i trong s&aacute;ng,  bố c&aacute;n bộ, mẹ gi&aacute;o vi&ecirc;n, bản th&acirc;n t&ocirc;i chưa c&oacute; tiền &aacute;n, tiền sự g&igrave;. T&ocirc;i  đ&atilde; chấp h&agrave;nh nghi&ecirc;m t&uacute;c việc nộp phạt v&agrave; được về, kh&ocirc;ng c&oacute; việc bị bắt  giam. T&ocirc;i cũng kh&ocirc;ng n&eacute; tr&aacute;nh ống k&iacute;nh m&aacute;y ảnh, t&ocirc;i c&ograve;n vuốt t&oacute;c để chụp  h&igrave;nh cho đ&agrave;ng ho&agrave;ng&rdquo; - Vượng "R&acirc;u" đ&iacute;nh ch&iacute;nh tin anh bị tạm giữ 24  tiếng. Nam diễn vi&ecirc;n khẳng định, anh l&agrave; người lu&ocirc;n chấp h&agrave;nh nghi&ecirc;m  chỉnh luật giao th&ocirc;ng: &ldquo;Đi đường nếu c&oacute; xe n&agrave;o đ&acirc;m v&agrave;o xe t&ocirc;i, t&ocirc;i kh&ocirc;ng bao giờ để xe giữa đường để quay lại c&atilde;i nhau v&igrave; như thế sẽ g&acirc;y &aacute;ch tắc giao th&ocirc;ng v&agrave; mất mỹ quan nơi c&ocirc;ng cộng&rdquo;.</p>\n<p class="Normal">C&acirc;y h&agrave;i 30 tuổi vui vẻ kể, sau khi c&oacute; tin anh bị cảnh s&aacute;t giao th&ocirc;ng  "hỏi thăm", nhiều kh&aacute;n giả gọi đến số m&aacute;y của anh, thấy anh nghe m&aacute;y  th&igrave; &iacute; ới bảo nhau: &ldquo;&Agrave;, vẫn c&ograve;n ở ngo&agrave;i, chưa bị bắt&rdquo;. Theo Vượng "R&acirc;u",  đ&acirc;y l&agrave; sự cố kết th&uacute;c năm M&atilde;o nhiều ồn &agrave;o của anh. Trước đ&oacute;, diễn vi&ecirc;n  n&agrave;y bị quy tội "lộng ng&ocirc;n" khi tuy&ecirc;n bố: &ldquo;Ở đất Bắc, t&ecirc;n Vượng "R&acirc;u"  kh&ocirc;ng đứng thứ nhất, hẳn nhi&ecirc;n phải l&agrave; thứ hai&rdquo;, bị nhiều đồng nghiệp v&agrave;  kh&aacute;n giả phản đối. C&ocirc;ng Vượng t&acirc;m sự, đ&acirc;y chỉ l&agrave; một sự cố do "nhỡ  miệng" v&agrave; anh kh&ocirc;ng định mượn đ&oacute; để đ&aacute;nh b&oacute;ng t&ecirc;n tuổi của m&igrave;nh. &ldquo;T&ocirc;i  cho rằng mỗi người c&oacute; một đối tượng kh&aacute;n giả ri&ecirc;ng v&agrave; c&aacute;i t&ecirc;n Vượng  "R&acirc;u" đ&atilde; xuất hiện trước khi c&oacute; sự cố ph&aacute;t ng&ocirc;n. Bản th&acirc;n t&ocirc;i t&acirc;m đắc  c&acirc;u trong hề ch&egrave;o: &ldquo;Mỗi người mỗi m&ocirc;n, mỗi người mỗi khoa&rdquo; - kh&ocirc;ng ai  x&acirc;m phạm v&agrave;o ai. Sau lần nhỡ miệng t&ocirc;i cũng gặp lại nhiều nghệ sĩ h&agrave;i v&agrave;  ch&agrave;o họ rất niềm nở. T&ocirc;i thấy họ cũng vui vẻ với t&ocirc;i. Ch&uacute;ng t&ocirc;i c&ograve;n gặp  nhau nhiều v&agrave; hợp t&aacute;c với nhau n&ecirc;n chắc c&aacute;c anh chị ấy cũng th&ocirc;ng cảm&rdquo; -  Vượng "R&acirc;u" b&agrave;y tỏ.</p>\n<table border="0" cellspacing="0" cellpadding="3" width="1" align="center">\n<tbody>\n<tr>\n<td></td>\n</tr>\n<tr>\n<td class="Image"></td>\n</tr>\n</tbody>\n</table>\n<p class="Normal">Ch&agrave;ng "thầy b&oacute;i" cho biết, anh dự định l&agrave;m một  đĩa h&agrave;i lấy &yacute; tưởng từ ch&iacute;nh c&acirc;u chuyện của m&igrave;nh, từ lần vạ miệng đến  chuyện bị cảnh s&aacute;t giao th&ocirc;ng giữ. Mới đ&acirc;y, Vượng "R&acirc;u" cho ra mắt ba đĩa h&agrave;i Tết: <em>Mr. Vượng R&acirc;u - Cười du xu&acirc;n, Mr. Vượng R&acirc;u - Bắc, Nam c&ugrave;ng cười v&agrave; Mr. Vượng R&acirc;u - Thầy ra phố.</em> Nhiều người cho rằng những đĩa h&agrave;i của Vượng "R&acirc;u" nhạt nhưng anh lại  tự tin: &ldquo;Giống như phim chiếu rạp, giới chuy&ecirc;n m&ocirc;n ch&ecirc; nhưng phim ấy b&aacute;n  ''ch&aacute;y v&eacute;'' l&agrave; vẫn ổn. Sản phẩm của t&ocirc;i mang t&iacute;nh giải tr&iacute; n&ecirc;n hợp với  phần đ&ocirc;ng kh&aacute;n giả chứ kh&ocirc;ng nặng t&iacute;nh nghệ thuật. Năm ngo&aacute;i, <em>Bắc - Nam c&ugrave;ng cười</em> kh&ocirc;ng được đ&aacute;nh gi&aacute; cao nhưng t&aacute;i bản đến ba lần. T&ocirc;i th&iacute;ch quan niệm  của anh Vũ Ngọc Đ&atilde;ng v&agrave; L&ecirc; Ho&agrave;ng: Phim l&agrave;m ra để b&aacute;n chứ kh&ocirc;ng phải để  tuy&ecirc;n ng&ocirc;n&rdquo;.</p>'),
(2, 'en', 'Open letter', '<p>updating...</p>'),
(3, 'vi', 'Tuyển dụng', '<p>updating...</p>'),
(3, 'en', 'Recruit', '<p>updating...</p>');

-- --------------------------------------------------------

--
-- Table structure for table `region`
--

CREATE TABLE IF NOT EXISTS `region` (
  `id` int(11) NOT NULL auto_increment,
  `active` tinyint(1) default NULL,
  `parent_id` int(11) default NULL,
  `ordering` varchar(11) collate utf8_unicode_ci default NULL,
  PRIMARY KEY  (`id`)
) ENGINE=InnoDB  DEFAULT CHARSET=utf8 COLLATE=utf8_unicode_ci AUTO_INCREMENT=20 ;

--
-- Dumping data for table `region`
--

INSERT INTO `region` (`id`, `active`, `parent_id`, `ordering`) VALUES
(2, 1, 0, '1'),
(3, 1, 2, '1'),
(4, 1, 2, '2'),
(5, 1, 2, '2'),
(6, 1, 2, '3'),
(7, 1, 2, '4'),
(8, 1, 2, '5'),
(9, 1, 2, '6'),
(10, 1, 2, '7'),
(11, 1, 2, '8'),
(12, 1, 2, '9'),
(13, 1, 2, '10'),
(14, 1, 2, '10'),
(15, 1, 2, '10'),
(16, 1, 2, '10'),
(17, 1, 2, '10'),
(18, 1, 2, '10'),
(19, 1, 2, '10');

-- --------------------------------------------------------

--
-- Table structure for table `region_lang`
--

CREATE TABLE IF NOT EXISTS `region_lang` (
  `region_id` int(11) default NULL,
  `lang` varchar(5) collate utf8_unicode_ci default NULL,
  `name` varchar(255) collate utf8_unicode_ci default NULL,
  `alias` varchar(5) collate utf8_unicode_ci default NULL,
  `description` text collate utf8_unicode_ci
) ENGINE=InnoDB DEFAULT CHARSET=utf8 COLLATE=utf8_unicode_ci;

--
-- Dumping data for table `region_lang`
--

INSERT INTO `region_lang` (`region_id`, `lang`, `name`, `alias`, `description`) VALUES
(2, 'vi', 'PHÚ QUỐC', 'PQ', NULL),
(2, 'en', 'PHU QUOC ISLAND', 'PQ', NULL),
(3, 'vi', 'Nhà tù Phú Quốc', 'PQ-NT', NULL),
(3, 'en', 'Phu Quoc Prison', 'PQ-NT', NULL),
(4, 'vi', 'An Thới', 'PQ-AT', NULL),
(4, 'en', 'AN THOI', 'PQ-AT', NULL),
(5, 'vi', 'Bãi Sao', 'PQ-SB', NULL),
(5, 'en', 'Sao Beach', 'PQ-SB', NULL),
(6, 'vi', 'Câu cá & lặn ngắm san hô Nam Đảo', 'PQ-FS', NULL),
(6, 'en', 'Fishing & Snorkeling at the South Island', 'PQ-FS', NULL),
(7, 'vi', 'Suối Tranh', 'PQ-RV', NULL),
(7, 'en', 'Tranh Stream', 'PQ-RV', NULL),
(8, 'vi', 'Chùa Sư Muôn', 'PQ-PG', NULL),
(8, 'en', 'Su Muon Pagoda', 'PQ-PG', NULL),
(9, 'vi', 'Bãi Dài', 'PQ-BD', NULL),
(9, 'en', 'Dai Beach', 'PQ-BD', NULL),
(10, 'vi', 'Gành Dầu', 'PQ-GD', NULL),
(10, 'en', 'Ganh Dau Headland', 'PQ-GD', NULL),
(11, 'vi', 'Suối Đá Bàn', 'PQ-DB', NULL),
(11, 'en', 'Da Ban Tream', 'PQ-DB', NULL),
(12, 'vi', 'Vườn Tiêu', 'PQ-VT', NULL),
(12, 'en', 'Pepper Garden', 'PQ-VT', NULL),
(13, 'vi', 'Câu cá & lặn ngắm san hô Bắc Đảo', 'FS-No', NULL),
(13, 'en', 'Sorkeling & Fishing at the North Island', 'FS-No', NULL),
(14, 'vi', 'Câu mực đêm', 'Ni-FS', NULL),
(14, 'en', 'Sunset and night squid fishing', 'Ni-FS', NULL),
(15, 'vi', 'Làng chài Hàm Ninh', 'LC-HN', NULL),
(15, 'en', 'Ham Ninh Village', 'LC-HN', NULL),
(16, 'vi', 'Trại nuôi cấy ngọc trai', 'Pearl', NULL),
(16, 'en', 'Japanese Pearl Farm', 'Pearl', NULL),
(17, 'vi', 'Bảo tàng Cội Nguồn', 'PQ-CN', NULL),
(17, 'en', 'Coi Nguon Museum', 'PQ-CN', NULL),
(18, 'vi', 'Nhà thùng nước mắm', 'NTNM', NULL),
(18, 'en', 'Fish Sauce Factory', 'NTNM', NULL),
(19, 'vi', 'Dinh Cậu', 'PQ-DC', NULL),
(19, 'en', 'Dinh Cau landscape', 'PQ-DC', NULL);

-- --------------------------------------------------------

--
-- Table structure for table `search`
--

CREATE TABLE IF NOT EXISTS `search` (
  `id` int(11) NOT NULL auto_increment,
  `hash` varchar(100) collate utf8_unicode_ci NOT NULL,
  `uri_search` varchar(100) collate utf8_unicode_ci NOT NULL,
  `date_create` int(11) NOT NULL,
  PRIMARY KEY  (`id`)
) ENGINE=MyISAM  DEFAULT CHARSET=utf8 COLLATE=utf8_unicode_ci AUTO_INCREMENT=31 ;

--
-- Dumping data for table `search`
--

INSERT INTO `search` (`id`, `hash`, `uri_search`, `date_create`) VALUES
(1, '2191bc6c81ef1bb7539137f3ae1686ee49ac5b89', 'inbound/Phú quốc', 0),
(2, 'bb6f82c3cc9d4cdde950f278f07bf183ec076210', 'inbound/', 0),
(3, 'cc95e249df68afad69a56bae49e0909764ce2aa5', 'inbound/a', 0),
(4, 'd4611b858b2b03b6e110641b65965bd0ef249819', 'inbound/phú quốc', 0),
(5, '938b9dca0d1933ef518853111c4e4207866058d3', 'inbound/khám phá', 0),
(6, '232dbd6f87fcfaf518a86c5ee8be2ac759ef0273', 'inbound/câu mực', 0),
(7, '545922734defa9be7bcd75542981246b6dd0f832', 'inbound/du khách', 0),
(8, '2f3b17b375025fdbe77f316d94ec82b740069624', 'inbound/du', 0),
(9, 'e9066d2a214cae388713ba59618b1b5584a17539', 'outbound/', 0),
(10, '023bb58a31271e23e6322c74cca222c5d102a706', 'inbound/asdf', 0),
(11, 'fcdfba607a9a5d8d4863a2123562da60b044f344', 'inbound/du lịch', 0),
(12, '38a54bea2e9fe2036d97bfebabdee03bb5c8d7bf', 'inbound/hoang', 0),
(13, '835f9ad0c5a383b6795f32b97976aa6365c09617', 'inbound/trăng mật', 0),
(14, '9039c532b7f5fa1357e33dcfadf89f8ae666cbf3', 'inbound/hoang sơ', 0),
(15, 'b41a21b83378cd9993265c4ea3a04a7a286835cc', 'inbound/hàng ngày', 0),
(16, '127c72dd214663a4e738c1c0069e690094fee421', 'inbound/mekong delta', 0),
(17, '2bf2bb5df2234b01751045f854a45799b4d3c2a1', 'inbound/châu đốc', 0),
(18, '7e1053748dad30601bd846fc34eda8c46dbec60e', 'inbound/phu quoc', 0),
(19, '1df4587621dd443badc3e7886654f2fba84d1cc4', 'inbound/tour phu quoc', 0),
(20, '42099b4af021e53fd8fd4e056c2568d7c2e3ffa8', '/', 0),
(21, '12ad442059a8740d6616c39e33bd69c06553fa3a', 'inbound/asfas', 0),
(22, 'd842656fab8ac83abfed9b11920e1c70b76c87dc', 'inbound/homestay', 0),
(23, 'f296bcb67eb9d1bdbe586bf95bf6a3aeadd1062f', 'inbound/Vũng tàu', 0),
(24, '92d6e8c1a9c825c2824f72b5f467413e23ccbbb1', 'inbound/Hà Tiên', 0),
(25, '304a9b055a1110a69994f9e121a5fd48604621e2', 'inbound/côn đảo', 0),
(26, 'bb017c4aa56bed932b5391277a5ba8de399c2ef3', 'inbound/ANGKOR ', 0),
(27, 'c167c280b6995b9bc747e40fc2a92ecbed25d18e', 'inbound/3 NGÀY 2 ĐÊM', 0),
(28, '9f8282b9e3013c027c2d8e2632203674b988eaeb', 'inbound/hinh', 0),
(29, '7a998b19a956812fc7f61851a4dda2098eedcd4f', 'inbound/Boat to H Tien', 0),
(30, 'd1b1d5668585a1e69ab1bcc0871486a53dffef93', 'outbound/Ha Tien boat', 0);

-- --------------------------------------------------------

--
-- Table structure for table `sessions`
--

CREATE TABLE IF NOT EXISTS `sessions` (
  `session_id` varchar(40) NOT NULL default '0',
  `ip_address` varchar(16) NOT NULL default '0',
  `user_agent` varchar(50) NOT NULL,
  `last_activity` int(10) unsigned NOT NULL default '0',
  `user_data` text,
  PRIMARY KEY  (`session_id`)
) ENGINE=MyISAM DEFAULT CHARSET=utf8;

--
-- Dumping data for table `sessions`
--

INSERT INTO `sessions` (`session_id`, `ip_address`, `user_agent`, `last_activity`, `user_data`) VALUES
('2db36a6eba186ae4ce519e3aff37a2bc', '125.234.2.178', 'Mozilla/4.0 (compatible; MSIE 7.0; Windows NT 5.1;', 1291184453, NULL),
('fd4c1bcdca8cefc23edca5f3135c8c82', '113.22.132.159', 'Mozilla/5.0 (Windows; U; Windows NT 5.1; en-US) Ap', 1291185275, NULL),
('ddc3c4bd9fd7aff1bddb78ead6b78610', '113.172.245.197', 'Mozilla/5.0 (Windows; U; Windows NT 6.1; en-US) Ap', 1291190251, NULL),
('0887bdad51ebeb5091be260358a61565', '125.234.2.178', 'Opera/9.80 (Windows NT 6.1; U; en) Presto/2.6.30 V', 1291189401, NULL),
('0cd70630f84b19b8c8b6ac12b49262d4', '113.22.132.159', 'Mozilla/5.0 (Windows; U; Windows NT 5.1; en-US) Ap', 1291190015, NULL),
('01e2b84dd81990e7e6a24cca9c079468', '113.172.245.197', 'Mozilla/5.0 (Windows; U; Windows NT 6.1; en-US; rv', 1291185439, NULL),
('d2184627edee0a07e18a54d1f163a25d', '125.234.2.178', 'Opera/9.80 (Windows NT 6.1; U; en) Presto/2.6.30 V', 1291184353, NULL),
('e7f42b12cbef0b94b98c4efd95051ada', '125.234.2.178', 'Mozilla/4.0 (compatible; MSIE 8.0; Windows NT 6.1;', 1291184367, NULL);

-- --------------------------------------------------------

--
-- Table structure for table `setting`
--

CREATE TABLE IF NOT EXISTS `setting` (
  `id` int(11) NOT NULL auto_increment,
  `title` varchar(225) NOT NULL,
  `name` varchar(255) NOT NULL,
  `value` text NOT NULL,
  `lang` varchar(5) NOT NULL default '',
  `type_setting` varchar(50) NOT NULL default 'sys',
  `active` tinyint(1) NOT NULL default '0',
  PRIMARY KEY  (`id`,`lang`)
) ENGINE=MyISAM  DEFAULT CHARSET=utf8 AUTO_INCREMENT=18 ;

--
-- Dumping data for table `setting`
--

INSERT INTO `setting` (`id`, `title`, `name`, `value`, `lang`, `type_setting`, `active`) VALUES
(2, 'Tiêu đề website', 'namesite', 'Du Lịch Phú Quốc', '0', 'sys', 0),
(3, 'Thư điện tử', 'email', 'info@phuquocsmile.com', '0', 'sys', 0),
(4, 'Số dòng hiện thị phân trang', 'per_page', '5', '0', 'sys', 0),
(5, 'Số link hiển thị phân trang', 'num_links', '2', '0', 'sys', 0),
(6, 'Master View', 'master_view', 'travel', '', 'sys', 0),
(7, 'Logo website', 'logo', '/upload/image/logo.png', '0', 'sys', 0),
(8, 'Banner website', 'banner', '', '0', 'sys', 0),
(9, 'Hỗ trợ SEO', 'ceo_value', 'du lich, travel, hanh trinh xanh, du lich phu quoc,phu quoc, cau ca, du lich tiet kiem, phu quoc tiet kiem, green cruise, phuquocgtc, tour phu quoc, tour le, tour hang ngay, tour, tourism, ve may bay, ve tau, khach san, phu quoc gtc', '0', 'sys', 0),
(10, 'Hình nền', 'background', '/upload/image/background/_DSC0290.JPG', '0', 'sys', 0),
(11, 'Thông tin khuyến mại', 'promotion', '<p>Đang cập nhật...</p>', 'vi', 'tour', 0),
(12, 'Thông tin khuyến mại', 'promotion', '<p>updating...</p>', 'en', 'tour', 0),
(13, 'Điều khoản đăng kí', 'rules', '<p><strong>1.&nbsp; &nbsp;&nbsp;&nbsp;&nbsp; ĐĂNG K&Yacute; TOUR</strong></p>\n<p>Kh&aacute;ch h&agrave;ng c&oacute; thể trực tiếp đăng k&yacute; hoặc nhờ người đại diện đến đăng k&yacute; tour v&agrave; thanh to&aacute;n tiền tour văn ph&ograve;ng c&ocirc;ng ty, hoặc đăng k&yacute; tr&ecirc;n websites: <a href="http://www.phuquocsmile.com/">http://www.phuquocsmile.com</a> &ndash; <a href="http://www.phuquocgtc.vn/">http://www.phuquocgtc.vn</a></p>\n<p>Kh&aacute;ch h&agrave;ng khi đăng k&yacute; tour cần cung cấp th&ocirc;ng tin đầy đủ v&agrave; ch&iacute;nh x&aacute;c theo mẫu c&ocirc;ng ty hoặc trong phần Book tour tr&ecirc;n website để c&ocirc;ng ty l&agrave;m thủ tục xuất v&eacute; m&aacute;y bay, visa,&hellip;. Mọi sai s&oacute;t Du Lịch H&agrave;nh Tr&igrave;nh Xanh kh&ocirc;ng chịu tr&aacute;ch nhiệm cho khoản ph&aacute;t sinh do th&ocirc;ng tin cung cấp kh&ocirc;ng ch&iacute;nh x&aacute;c từ ph&iacute;a kh&aacute;ch h&agrave;ng.</p>\n<p>Mọi th&ocirc;ng tin về chương tr&igrave;nh tour sẽ được c&ocirc;ng ty cung cấp cho kh&aacute;ch h&agrave;ng đến đăng k&yacute; hoặc qua người đại diện. C&ocirc;ng ty kh&ocirc;ng chịu tr&aacute;ch nhiệm bất cứ th&ocirc;ng tin kh&ocirc;ng ch&iacute;nh x&aacute;c về chương tr&igrave;nh tour ngo&agrave;i chương tr&igrave;nh c&ocirc;ng ty cung cấp.</p>\n<p><strong>2.&nbsp; GI&Aacute; TOUR:</strong></p>\n<p>Được t&iacute;nh theo gi&aacute; ni&ecirc;m yết tr&ecirc;n mỗi tour bằng VNĐ hoặc USD v&agrave; được quy đổi qua lại theo tỉ gi&aacute; tại thời điểm thanh to&aacute;n.</p>\n<p>Gi&aacute; tour bao gồm những điều khoản theo từng chương tr&igrave;nh tour. Du Lịch H&agrave;nh Tr&igrave;nh Xanh kh&ocirc;ng c&oacute; nghĩa vụ thanh to&aacute;n c&aacute;c khoản chi ph&iacute; ph&aacute;t sinh ngo&agrave;i chương tr&igrave;nh tour.</p>\n<p><strong>3. PHƯƠNG THỨC THANH TO&Aacute;N</strong></p>\n<p><strong><em>2.1. Thanh to&aacute;n bằng tiền mặt:</em></strong></p>\n<p>C&ocirc;ng ty Cổ Phần Dịch Vụ Du Lịch &amp; Thương Mại H&agrave;nh Tr&igrave;nh&nbsp; Xanh</p>\n<p>Địa chỉ: 14 Trần Hưng Đạo, Dương Đ&ocirc;ng, Ph&uacute; Quốc, Ki&ecirc;n Giang, Việt Nam.</p>\n<p>Tel: (84-77) 39 78 111</p>\n<p>Fax: (84-77) 39 78 222</p>\n<p>Email: <a href="mailto:info@phuquocsmile.com">info@phuquocsmile.com</a></p>\n<p><strong><em>2.2 Thanh to&aacute;n bằng chuyển khoản:</em></strong></p>\n<p>T&ecirc;n t&agrave;i khỏan: C&ocirc;ng ty Cổ Phần Dịch Vụ Du Lịch &amp; Thương Mại H&agrave;nh Tr&igrave;nh&nbsp; Xanh</p>\n<p>Số t&agrave;i khoảnVND: <strong>070010705051 </strong>tại Ng&acirc;n h&agrave;ng S&agrave;i G&ograve;n Thương T&iacute;n Chi Nh&aacute;nh Ph&uacute; Quốc</p>\n<p>Sau khi chuyển tiền, kh&aacute;ch h&agrave;ng giữ phiếu x&aacute;c nhận chuyển tiền của ng&acirc;n h&agrave;ng để tiện việc x&aacute;c minh trong suốt chương tr&igrave;nh tour.</p>\n<p><strong>4. HỦY TOUR &amp; PH&Iacute; HỦY TOUR</strong></p>\n<p>&Oslash;&nbsp;&nbsp; <strong><em>Về chương tr&igrave;nh tour: </em></strong>Trong trường hợp kh&aacute;ch h&agrave;ng b&aacute;o hủy chuyến đi sau khi C&ocirc;ng ty đ&atilde; ho&agrave;n tất mọi thủ tục th&igrave; chi ph&iacute; hủy l&agrave;:</p>\n<p>-&nbsp;&nbsp;&nbsp;&nbsp; Sau khi ho&agrave;n th&agrave;nh đăng k&yacute; tour: ph&iacute; huỷ tour 10% gi&aacute; tour</p>\n<p>-&nbsp;&nbsp;&nbsp;&nbsp; 05 ng&agrave;y (l&agrave;m việc) trước ng&agrave;y khởi h&agrave;nh: ph&iacute; huỷ tour 50% gi&aacute; tour</p>\n<p>-&nbsp;&nbsp;&nbsp;&nbsp; Từ 02 - 04 ng&agrave;y (l&agrave;m việc) trước ng&agrave;y khởi h&agrave;nh: ph&iacute; huỷ tour 70% gi&aacute; tour</p>\n<p>-&nbsp;&nbsp;&nbsp;&nbsp; Trong v&ograve;ng 24h trước giờ khởi h&agrave;nh: ph&iacute; huỷ tour 100% gi&aacute; tour</p>\n<p>Nếu C&ocirc;ng ty chậm trễ hoặc kh&ocirc;ng thực hiện được chương tr&igrave;nh tour theo đ&uacute;ng thời gian như đ&atilde; k&yacute; trong hợp đồng, C&ocirc;ng ty chịu tr&aacute;ch nhiệm ho&agrave;n trả lại to&agrave;n bộ số tiền kh&aacute;ch h&agrave;ng đ&atilde; ứng trước cho C&ocirc;ng ty v&agrave; chịu mọi thiệt hại đối với b&ecirc;n thứ ba: h&agrave;ng kh&ocirc;ng, kh&aacute;ch sạn, &hellip;</p>\n<p>&Oslash;&nbsp;&nbsp; <strong><em>Về Phương tiện vận chuyển:</em></strong></p>\n<p>+&nbsp; <em>Đường bộ</em></p>\n<p>-&nbsp;&nbsp;&nbsp;&nbsp; Hủy trước ng&agrave;y khởi h&agrave;nh 02 ng&agrave;y: kh&ocirc;ng ph&iacute; huỷ</p>\n<p>-&nbsp;&nbsp;&nbsp;&nbsp; Hủy trước ng&agrave;y khởi h&agrave;nh 01 ng&agrave;y: 30% ph&iacute; huỷ hoặc 100% ph&iacute; đặt cọc</p>\n<p>-&nbsp;&nbsp;&nbsp;&nbsp; Hủy trong ng&agrave;y khởi: 50% ph&iacute; huỷ hoặc 100% ph&iacute; đặt cọc</p>\n<p>+&nbsp; <em>Đường h&agrave;ng kh&ocirc;ng</em></p>\n<p>-&nbsp;&nbsp;&nbsp;&nbsp; Hủy trước ng&agrave;y khởi h&agrave;nh 07 ng&agrave;y: kh&ocirc;ng ph&iacute; huỷ</p>\n<p>-&nbsp;&nbsp;&nbsp;&nbsp; Hủy trước ng&agrave;y khởi h&agrave;nh 05: 20% ph&iacute; huỷ</p>\n<p>-&nbsp;&nbsp;&nbsp;&nbsp; Hủy trước ng&agrave;y khởi h&agrave;nh 03 ng&agrave;y: 30% ph&iacute; huỷ</p>\n<p>-&nbsp;&nbsp;&nbsp;&nbsp; Hủy trước ng&agrave;y khởi h&agrave;nh 01 ng&agrave;y: 50% ph&iacute; huỷ</p>\n<p>-&nbsp;&nbsp;&nbsp;&nbsp; Hủy trong ng&agrave;y khởi h&agrave;nh: 70% ph&iacute; huỷ</p>\n<p><strong>5. &nbsp;&nbsp;&nbsp; ĐIỀU KIỆN ĐI M&Aacute;Y BAY TRONG NƯỚC.</strong></p>\n<p>-&nbsp;&nbsp;&nbsp;&nbsp; Trẻ em mua V&eacute; m&aacute;y bay theo qui định của Việt Nam Airline, Air Mekong (tr&ecirc;n 12 tuổi mua 100% v&eacute;, từ 02 - dưới 12 tuổi mua 75% v&eacute;, dưới 02 tuổi mua 10%v&eacute;).</p>\n<p>-&nbsp;&nbsp;&nbsp;&nbsp; Kh&aacute;ch h&agrave;ng 14 tuổi trở l&ecirc;n phải c&oacute; chứng minh nh&acirc;n d&acirc;n.</p>\n<p>-&nbsp;&nbsp;&nbsp;&nbsp;&nbsp; Kh&aacute;ch h&agrave;ng dưới 14 tuổi phải c&oacute; giấy khai sinh.</p>\n<p><strong>6.&nbsp;&nbsp;&nbsp;&nbsp; BẢO HIỂM DU LỊCH:</strong></p>\n<p>-&nbsp;&nbsp;&nbsp;&nbsp; Gi&aacute; tour đ&atilde; bao gồm bảo hiểm du lịch theo quy định.</p>\n<p>-&nbsp;&nbsp;&nbsp;&nbsp; Nếu kh&aacute;ch h&agrave;ng c&oacute; nhu cầu bảo hiểm th&ecirc;m về y tế, t&agrave;i sản,&hellip;, kh&aacute;ch h&agrave;ng phải đăng k&yacute; trước v&agrave; đ&oacute;ng th&ecirc;m số tiền t&ugrave;y theo mức bảo hiểm m&agrave; kh&aacute;ch h&agrave;ng mong muốn cho C&ocirc;ng ty chậm nhất l&agrave; 03 ng&agrave;y trước ng&agrave;y khởi h&agrave;nh.</p>\n<p><strong>7.&nbsp;&nbsp;&nbsp;&nbsp; TR&Aacute;CH NHIỆM V&Agrave; CAM KẾT HAI B&Ecirc;N:</strong></p>\n<p>+&nbsp;&nbsp; <strong>Về ph&iacute;a C&ocirc;ng ty:</strong></p>\n<p>-&nbsp;&nbsp;&nbsp;&nbsp; Đảm bảo đầy đủ mọi dịch vụ theo đ&uacute;ng như chương tr&igrave;nh.</p>\n<p>-&nbsp;&nbsp;&nbsp;&nbsp; Phổ biến những th&ocirc;ng tin cần thiết cho chuyến đi đến kh&aacute;ch h&agrave;ng (phong tục tập qu&aacute;n của nước tham quan, m&oacute;n ăn, thời tiết&hellip;)</p>\n<p>-&nbsp;&nbsp;&nbsp;&nbsp; Mọi thay đổi (nếu c&oacute;) phải được th&ocirc;ng b&aacute;o cho kh&aacute;ch h&agrave;ng trước ng&agrave;y khởi h&agrave;nh hoặc ngay sau khi ph&aacute;t hiện c&oacute; những ph&aacute;t sinh xảy ra (đối với trường hợp đang thực hiện chuyến đi)</p>\n<p>-&nbsp;&nbsp;&nbsp;&nbsp; C&ocirc;ng ty kh&ocirc;ng chịu tr&aacute;ch nhiệm về những sự cố kh&aacute;ch quan như: thi&ecirc;n tai, hạn h&aacute;n, tr&igrave; ho&atilde;n chuyến bay do thời tiết, đ&igrave;nh c&ocirc;ng, hỏa hoạn, chiến tranh, dịch bệnh, &hellip; Trong trường hợp n&agrave;y ch&uacute;ng t&ocirc;i sẽ trao đổi với b&ecirc;n thứ ba về c&aacute;c khoản ph&iacute; tổn dịch vụ vượt ngo&agrave;i chương tr&igrave;nh với chi ph&iacute; hợp l&yacute; nhất v&agrave; th&ocirc;ng b&aacute;o lại với kh&aacute;ch h&agrave;ng.</p>\n<p>+&nbsp;&nbsp; <strong>Về ph&iacute;a kh&aacute;ch h&agrave;ng</strong></p>\n<p>-&nbsp;&nbsp;&nbsp;&nbsp; Cung cấp hộ chiếu, h&igrave;nh ảnh v&agrave; c&aacute;c giấy tờ li&ecirc;n quan đến c&aacute;c thủ tục theo quy định</p>\n<p>-&nbsp;&nbsp;&nbsp;&nbsp; Cung cấp t&agrave;i ch&iacute;nh đ&uacute;ng hạn.</p>\n<p>-&nbsp;&nbsp;&nbsp;&nbsp; Trong thời gian du lịch, kh&aacute;ch h&agrave;ng phải tu&acirc;n thủ theo chương tr&igrave;nh tour, kh&ocirc;ng được tự &yacute; t&aacute;ch đo&agrave;n. Nếu c&oacute; y&ecirc;u cầu thay đổi, kh&aacute;ch h&agrave;ng phải th&ocirc;ng b&aacute;o cho c&ocirc;ng ty.</p>\n<p>&Oslash;&nbsp;&nbsp; C&ocirc;ng ty giữ to&agrave;n quyền thay đổi lộ tr&igrave;nh hoặc hủy bỏ chuyến đi du lịch bất cứ l&uacute;c n&agrave;o m&agrave; C&ocirc;ng ty thấy cần thiết v&igrave; sự an to&agrave;n cho kh&aacute;ch h&agrave;ng.</p>\n<p>&Oslash;&nbsp;&nbsp; Trong qu&aacute; tr&igrave;nh thực hiện chương tr&igrave;nh tour, nếu xảy ra tranh chấp sẽ được giải quyết tr&ecirc;n cơ sở thương lượng giữa 2 b&ecirc;n. Nếu việc thương lượng kh&ocirc;ng đạt được kết quả, vụ việc sẽ được đưa ra t&ograve;a &aacute;n theo đ&uacute;ng quy định của ph&aacute;p luật hiện h&agrave;nh. Mọi chi ph&iacute; li&ecirc;n quan sẽ do b&ecirc;n thua kiện trả.</p>\n<p><strong>8.&nbsp;&nbsp; THỜI GIAN ĐĂNG K&Yacute; TOUR:</strong><strong> </strong></p>\n<p>Kh&aacute;ch h&agrave;ng n&ecirc;n đăng k&yacute; &iacute;t nhất 07 (bảy) ng&agrave;y trước ng&agrave;y khởi h&agrave;nh.</p>\n<p>Ch&acirc;n th&agrave;nh cảm ơn sự quan t&acirc;m, ủng hộ của Qu&yacute; kh&aacute;ch đ&atilde; tin tưởng v&agrave; sử dụng c&aacute;c dịch vụ của Du Lịch H&agrave;nh Tr&igrave;nh Xanh.</p>\n<p>Mọi thắc mắc xin vui l&ograve;ng li&ecirc;n hệ:</p>\n<p><strong>C&Ocirc;NG TY CỔ PHẦN DỊCH VỤ DU LỊCH &amp; THƯƠNG MẠI H&Agrave;NH TR&Igrave;NH XANH</strong></p>\n<p>Địa chỉ: 14 Trần Hưng Đạo, KP 7, Dương Đ&ocirc;ng, Ph&uacute; Quốc, Ki&ecirc;n Giang, Việt Nam.</p>\n<p>Tel: (84-77) 39 78 111</p>\n<p>Fax: (84-77) 39 78 222</p>\n<p>Hotline : 0907 55 0809&nbsp; hoặc 0907 588 155 ( Mr Minh )</p>\n<p>Email: <a href="mailto:info@phuquocsmile.com">info@phuquocsmile.com</a></p>\n<p>Website: <a href="http://www.phuquocsmile.com/">http://www.phuquocsmile.com</a></p>\n<p>Tr&acirc;n trọng</p>', 'vi', 'tour', 0),
(14, 'Điều khoản đăng kí', 'rules', '<p>updating...</p>', 'en', 'tour', 0),
(17, 'URL Khuyến mãi', 'banner_url', '', '', 'sys', 0);

-- --------------------------------------------------------

--
-- Table structure for table `tour`
--

CREATE TABLE IF NOT EXISTS `tour` (
  `id` int(11) NOT NULL auto_increment,
  `date` int(11) default NULL,
  `file` text collate utf8_unicode_ci NOT NULL,
  `file_price` text collate utf8_unicode_ci NOT NULL,
  `image` varchar(100) collate utf8_unicode_ci default NULL,
  `list_images` text collate utf8_unicode_ci NOT NULL,
  `is_enabled` tinyint(1) default NULL,
  `is_hot` tinyint(1) default NULL,
  `tour_cat_id` int(11) default NULL,
  `payment_id` int(11) default NULL,
  PRIMARY KEY  (`id`)
) ENGINE=MyISAM  DEFAULT CHARSET=utf8 COLLATE=utf8_unicode_ci AUTO_INCREMENT=24 ;

--
-- Dumping data for table `tour`
--

INSERT INTO `tour` (`id`, `date`, `file`, `file_price`, `image`, `list_images`, `is_enabled`, `is_hot`, `tour_cat_id`, `payment_id`) VALUES
(9, 1288160512, '/upload/file/CT%20TOUR%204N3%C4%90.doc', '/upload/file/BANG%20GIA%20CHUNG-KHACH%20LE-4NGAY%203%20DEM.xls', '/upload/image/DSC02461.JPG', '0', 1, 1, 5, NULL),
(8, 1288113931, '/upload/file/CT%20TOUR%203N2%C4%90.doc', '/upload/file/BANG%20GIA%20CHUNG-KHACH%20LE-3NGAY%202%20DEM.xls', '/upload/image/img_tour.jpg', '0', 1, 1, 5, NULL),
(22, 1291744301, '/upload/file/GTC-PQ001%20-%203N2D-C%C3%93%20%C4%90I%20C%C3%82U.doc', '', '/upload/image/Phuquoc/_DSC0066%20(2).jpg', '0', 1, 1, 5, NULL),
(23, 1291979133, '/upload/file/GTC-PQ003-%204N3D%20C%C3%93%20%C4%90I%20C%C3%82U(1).doc', '', '/upload/image/DSC03307.jpg', ',', 1, 1, 5, NULL),
(21, 1291654907, '/upload/file/CT%20TOUR%203N2D-KHONG%20DI%20CAU.doc', '', '/upload/image/Phuquoc/namdao.jpg', '0', 1, 1, 5, NULL),
(11, 1288425602, '', '', '/upload/image/CAU%20CA%20BAC%20DAO.jpg', '0', 1, 0, 9, NULL),
(12, 1288426357, '', '', '/upload/image/CAU%20CA%20NAM%20DAO.jpg', '0', 1, 0, 9, NULL),
(15, 1288782988, '', '', '/upload/image/tourhangngay/ganh-dau-phu-quoc2.jpg', '0', 1, 0, 9, NULL),
(16, 1288850432, '/upload/file/MEKONG%20DELTA/GTC-Around%20Chau%20Doc.doc', '', '/upload/image/mekong/CHAU%20DOC.jpg', '0', 1, 0, 6, NULL),
(17, 1288978424, '/upload/file/MEKONG%20DELTA/GTC-Chau%20Doc%20%E2%80%93%20Phnom%20Penh-%20Angkor%20%E2%80%93%20Chau%20Doc.doc', '', '/upload/image/mekong/ANGKOR.jpg', '0', 1, 0, 6, NULL),
(18, 1289137375, '', '', '/upload/image/mekong/Tour%20dac%20biet-chau%20doc%20campuchia.jpg', '0', 1, 0, 6, NULL),
(19, 1289566925, '', '', '/upload/image/mekong/gsa1273138248.jpg', '0', 1, 0, 6, NULL),
(20, 1289569294, '', '', '/upload/image/mekong/gsa1273138248.jpg', '0', 1, 0, 6, NULL);

-- --------------------------------------------------------

--
-- Table structure for table `tour_book`
--

CREATE TABLE IF NOT EXISTS `tour_book` (
  `id` int(11) NOT NULL auto_increment,
  `fullname` varchar(255) collate utf8_unicode_ci default NULL,
  `address` text collate utf8_unicode_ci,
  `phone` varchar(20) collate utf8_unicode_ci default NULL,
  `email` varchar(50) collate utf8_unicode_ci default NULL,
  `total_person` int(4) default NULL,
  `company` varchar(255) collate utf8_unicode_ci default NULL,
  `tax_code` varchar(15) collate utf8_unicode_ci default NULL,
  `nation` varchar(100) collate utf8_unicode_ci default NULL,
  `date_start` int(11) default NULL,
  `payment_method` int(1) default NULL,
  `other_requirement` text collate utf8_unicode_ci,
  `adult` int(3) default NULL,
  `child` int(3) default NULL,
  `baby` int(3) default NULL,
  `date` int(11) default NULL,
  `is_read` tinyint(1) default NULL,
  `is_checked` tinyint(1) default NULL,
  `tour_id` int(11) default NULL,
  `single_room` int(3) default NULL,
  `double_room` int(3) default NULL,
  `family_room` int(3) default NULL,
  `place_visit` varchar(255) collate utf8_unicode_ci default NULL,
  `place_other` text collate utf8_unicode_ci,
  `transport` tinyint(1) default NULL,
  `date_end` int(11) default NULL,
  PRIMARY KEY  (`id`)
) ENGINE=InnoDB  DEFAULT CHARSET=utf8 COLLATE=utf8_unicode_ci AUTO_INCREMENT=6 ;

--
-- Dumping data for table `tour_book`
--

INSERT INTO `tour_book` (`id`, `fullname`, `address`, `phone`, `email`, `total_person`, `company`, `tax_code`, `nation`, `date_start`, `payment_method`, `other_requirement`, `adult`, `child`, `baby`, `date`, `is_read`, `is_checked`, `tour_id`, `single_room`, `double_room`, `family_room`, `place_visit`, `place_other`, `transport`, `date_end`) VALUES
(1, 'Hồ Thanh Minh', '33/9 Chiêu Anh Các, P5, Q5,TPHCM', '0907550809', 'thanhminh246@gmail.com', 2, 'CNT', '1254653426', NULL, 1326301200, 0, '', 2, 0, 0, 1325635686, 1, 0, 0, 1, 0, 0, '13', '', 0, 1326474000),
(2, 'wokiglkilya', 'kAPABxYjPn', 'tlVpspPxE', 'ynrnts@yahidw.com', 1, 'HSigTcTNJRDFPBWleDg', 'QfRUTMPHZiCaZuP', 'uealLtDLIEYH', 0, 1, 'LNXlSX  <a href="http://frigdwqwxmvg.com/">frigdwqwxmvg</a>, [url=http://julancqfrgwp.com/]julancqfrgwp[/url], [link=http://rsqovjyphzwv.com/]rsqovjyphzwv[/link], http://holwhozcckru.com/', 1, 0, 0, 1330326656, 1, 0, 23, NULL, NULL, NULL, NULL, NULL, NULL, NULL),
(3, 'ffqbwgg', 'OFitikxNy', 'oFqDBnFJR', 'jrhrkc@evzknn.com', 1, 'MBQsVjHjFpEnT', 'McsyFYKxphjg', 'xjKdbJlwFmcxKvUjGD', 0, 1, '6JWA2m  <a href="http://pkiqgwdjiccb.com/">pkiqgwdjiccb</a>, [url=http://ranfnhvhsnxz.com/]ranfnhvhsnxz[/url], [link=http://hldqeneuiztr.com/]hldqeneuiztr[/link], http://pbgmlnbmruna.com/', 1, 0, 0, 1333183999, 1, 0, 23, NULL, NULL, NULL, NULL, NULL, NULL, NULL),
(4, 'Doan Son', '', 'sadgsadg', 'sdga@yahoo.com', 1, '', '', '', 1337619600, 0, '', 1, 0, 0, 1336704304, 1, 0, 12, NULL, NULL, NULL, NULL, NULL, NULL, NULL),
(5, 'Doan Son', '', 'sadgsadg', 'sdga@yahoo.com', 1, '', '', '', 1337619600, 0, '', 1, 0, 0, 1336704309, 0, 0, 12, NULL, NULL, NULL, NULL, NULL, NULL, NULL);

-- --------------------------------------------------------

--
-- Table structure for table `tour_book_detail`
--

CREATE TABLE IF NOT EXISTS `tour_book_detail` (
  `id` int(11) NOT NULL auto_increment,
  `name` varchar(255) collate utf8_unicode_ci default NULL,
  `birthday` int(11) default NULL,
  `address` text collate utf8_unicode_ci,
  `sex` int(1) default NULL,
  `passport` int(11) default NULL,
  `customer_based` int(1) default NULL,
  `age` int(1) default NULL,
  `single_room` int(1) default NULL,
  `date_issue` int(11) default NULL,
  `date_expiry` int(11) default NULL,
  `tour_book_id` int(11) default NULL,
  PRIMARY KEY  (`id`)
) ENGINE=InnoDB  DEFAULT CHARSET=utf8 COLLATE=utf8_unicode_ci AUTO_INCREMENT=44 ;

--
-- Dumping data for table `tour_book_detail`
--

INSERT INTO `tour_book_detail` (`id`, `name`, `birthday`, `address`, `sex`, `passport`, `customer_based`, `age`, `single_room`, `date_issue`, `date_expiry`, `tour_book_id`) VALUES
(1, 'asdfasdf', 0, '', 0, 0, 0, 0, 0, 0, 0, 1),
(2, 'asdfasdf', 0, '', 0, 0, 0, 0, 0, 0, 0, 2),
(3, 'asdfasdf', 0, '', 0, 0, 0, 0, 0, 0, 0, 3),
(4, 'asdfasdf', 0, '', 0, 0, 0, 0, 0, 0, 0, 4),
(6, 'asdfasdf', 1286899200, '', 0, 0, 0, 1, 0, 0, 0, 5),
(7, 'asdfasdf', 1286899200, '', 0, 0, 0, 2, 0, 0, 0, 5),
(28, '2525235235', 0, '', 0, 0, 0, 0, 0, 0, 0, 5),
(29, '235235', 0, '', 0, 0, 2, 2, 0, 0, 0, 4),
(30, '235235235', 0, '', 0, 0, 2, 1, 0, 0, 0, 4),
(31, 'asdfasdf', 0, '', 0, 0, 0, 0, 0, 0, 0, 6),
(32, 'dsds', 973011600, 'www', 0, 0, 0, 0, 0, 0, 0, 7),
(33, 'ssfsf', 973011600, 'dfsfsf', 0, 0, 0, 0, 0, 0, 0, 8),
(38, 'asd', 535222800, 'asd', 0, 0, 0, 0, 0, 0, 0, 2),
(39, 'Hồ Thanh Minh', 488394000, 'PQ,KG', 1, 0, 0, 0, 0, 0, 0, 1),
(40, 'wokiglkilya', 0, 'AmasuocfYAbZD', 0, 0, 1, 1, 0, 0, 0, 2),
(41, 'ffqbwgg', 0, 'tIyjrWVOGqkQV', 1, 0, 1, 1, 1, 0, 0, 3),
(42, 'Doan Son', 0, '', 0, 0, 0, 0, 0, 0, 0, 4),
(43, 'Doan Son', 0, '', 0, 0, 0, 0, 0, 0, 0, 5);

-- --------------------------------------------------------

--
-- Table structure for table `tour_cat`
--

CREATE TABLE IF NOT EXISTS `tour_cat` (
  `id` int(11) NOT NULL auto_increment,
  `parent_id` int(11) default NULL,
  `is_enabled` int(11) default NULL,
  `ordering` int(11) default NULL,
  `name_type` varchar(15) collate utf8_unicode_ci NOT NULL,
  PRIMARY KEY  (`id`)
) ENGINE=MyISAM  DEFAULT CHARSET=utf8 COLLATE=utf8_unicode_ci AUTO_INCREMENT=13 ;

--
-- Dumping data for table `tour_cat`
--

INSERT INTO `tour_cat` (`id`, `parent_id`, `is_enabled`, `ordering`, `name_type`) VALUES
(2, 0, 1, 2, 'inbound'),
(3, 0, 1, 1, 'outbound'),
(5, 8, 1, 1, 'inbound'),
(8, 2, 1, 2, 'inbound'),
(9, 2, 1, 1, 'inbound'),
(10, 8, 1, 3, 'inbound');

-- --------------------------------------------------------

--
-- Table structure for table `tour_cat_lang`
--

CREATE TABLE IF NOT EXISTS `tour_cat_lang` (
  `tour_cat_id` int(11) NOT NULL,
  `lang` varchar(5) collate utf8_unicode_ci default NULL,
  `name` text collate utf8_unicode_ci,
  `alias` text collate utf8_unicode_ci
) ENGINE=MyISAM DEFAULT CHARSET=utf8 COLLATE=utf8_unicode_ci;

--
-- Dumping data for table `tour_cat_lang`
--

INSERT INTO `tour_cat_lang` (`tour_cat_id`, `lang`, `name`, `alias`) VALUES
(2, 'vi', 'Tour Trong Nước', 'tour-trong-nuoc'),
(2, 'en', 'Inbound Tours', 'inbound-tour'),
(3, 'vi', 'Tour Ngoài Nước', 'tour-ngoai-nuoc'),
(3, 'en', 'Outbound Tours', 'outbound-tour'),
(5, 'en', 'Phu Quoc Island', 'phu-quoc-island'),
(5, 'vi', 'Đảo Xanh Phú Quốc', 'dao-xanh-phu-quoc'),
(8, 'vi', 'Tour trọn gói', 'tour-tron-goi'),
(8, 'en', 'Packages Tour', 'packages-tour'),
(9, 'vi', 'Tour hằng ngày', 'tour-hang-ngay'),
(9, 'en', 'Daily Tours', 'daily-tours'),
(10, 'vi', 'Tour Trăng Mật', 'tour-trang-mat'),
(10, 'en', 'Honey Moon Tour', 'honey-moon-tour');

-- --------------------------------------------------------

--
-- Table structure for table `tour_lang`
--

CREATE TABLE IF NOT EXISTS `tour_lang` (
  `tour_id` int(11) NOT NULL,
  `lang` varchar(5) collate utf8_unicode_ci default NULL,
  `title` text collate utf8_unicode_ci,
  `url` text collate utf8_unicode_ci,
  `summary` text collate utf8_unicode_ci,
  `content` text collate utf8_unicode_ci,
  `time_tour` varchar(100) collate utf8_unicode_ci default NULL,
  `price` varchar(255) collate utf8_unicode_ci default NULL,
  `vehicle` varchar(255) collate utf8_unicode_ci default NULL,
  `destination` varchar(255) collate utf8_unicode_ci default NULL
) ENGINE=MyISAM DEFAULT CHARSET=utf8 COLLATE=utf8_unicode_ci;

--
-- Dumping data for table `tour_lang`
--

INSERT INTO `tour_lang` (`tour_id`, `lang`, `title`, `url`, `summary`, `content`, `time_tour`, `price`, `vehicle`, `destination`) VALUES
(9, 'vi', 'ĐẢO XANH PHÚ QUỐC      (Tour 4 Ngày 3 Đêm)', NULL, '<p style="text-align: justify;"><span style="font-size: small; font-family: arial,helvetica,sans-serif; color: #000000;">Đến với Ph&uacute; Quốc, Du kh&aacute;ch sẽ trải nghiệm những gi&acirc;y ph&uacute;t thư gi&atilde;n với cảnh ho&agrave;ng h&ocirc;n tuyệt đẹp, huyền ảo, th&uacute; vị. Du Lịch H&agrave;nh Tr&igrave;nh Xanh đưa du kh&aacute;ch đến với những b&atilde;i biển c&aacute;t trắng trải d&agrave;i,  h&ograve;a m&igrave;nh v&agrave;o d&ograve;ng nước trong xanh, ngắm nh&igrave;n những tuyệt t&aacute;c thi&ecirc;n nhi&ecirc;n  dưới đ&aacute;y đại dương với những rặng san h&ocirc; rực rỡ đầy m&agrave;u sắc. Kh&aacute;m ph&aacute; những kỳ quan thi&ecirc;n nhi&ecirc;n thơ mộng...<br /></span></p>', '<div>\n<div>\n<div style="background-color: #009900; height: 16px; padding: 3px 5px; color: #ffffff; font-weight: bold;"><span style="color: #0000ff; font-family: tahoma,arial,helvetica,sans-serif;"><span style="font-size: small; color: #ffffff;">Ngày 1 : PHÚ QU&Ocirc;́C &ndash; BI&Ecirc;̉N XANH C&Aacute;T TRẮNG</span><br /></span></div>\n<div style="text-align: justify;"><span style="background-color: #ffffff; font-size: xx-small; font-family: tahoma,arial,helvetica,sans-serif;">.</span></div>\n<div style="text-align: justify;"><span style="font-size: small; font-family: tahoma,arial,helvetica,sans-serif; color: #000000;">Xe   v&agrave; HDV Cty đ&oacute;n đo&agrave;n tại điểm thống nhất, đưa đo&agrave;n về nh&agrave; h&agrave;ng d&ugrave;ng cơm   trưa, sau đ&oacute; xe đưa đo&agrave;n về kh&aacute;ch sạn nhận ph&ograve;ng nghỉ ngơi.</span></div>\n<div style="text-align: justify;"><span style="font-size: small; font-family: tahoma,arial,helvetica,sans-serif; color: #000000;"><br /></span></div>\n<div>\n<p style="text-align: justify;"><span style="font-size: small; font-family: tahoma,arial,helvetica,sans-serif; color: #0000ff;"><span style="color: #008000;"><span style="color: #0ca4f2;"><strong>14h00:</strong></span><span style="color: #000000;"> Xe đưa đo&agrave;n đến b&atilde;i Sao một trong những b&atilde;i biển đẹp nhất tại Ph&uacute; Quốc.   Tr&ecirc;n đường đi qu&yacute; kh&aacute;ch được nghe giới thiệu về c&aacute;c địa danh nổi tiếng  ở  đ&acirc;y v&agrave; c&ugrave;ng tham gia c&aacute;c tr&ograve; chơi vận động tr&ecirc;n xe do hướng dẫn vi&ecirc;n   phụ tr&aacute;ch. Đến b&atilde;i Sao qu&yacute; kh&aacute;ch sẽ đắm m&igrave;nh trong d&ograve;ng nước trong  xanh  v&agrave; chi&ecirc;m ngưỡng b&atilde;i c&aacute;t trắng uốn cong như h&igrave;nh thiếu nữ vươn m&igrave;nh  ra  biển. Qu&yacute; kh&aacute;ch thưởng thức c&aacute;c m&oacute;n hải sản tươi sống, thuần t&uacute;y  tại Ph&uacute;  Quốc như: Cơm Ghẹ, gỏi c&aacute; tr&iacute;ch...(<em>chi ph&iacute; tự t&uacute;c).</em></span></span></span></p>\n<p style="text-align: justify;"><span style="font-size: small; font-family: tahoma,arial,helvetica,sans-serif; color: #0000ff;"><span style="color: #008000;"><span style="color: #000000;"><em><br /></em></span></span></span></p>\n<p style="text-align: justify;"><span style="font-size: small; font-family: tahoma,arial,helvetica,sans-serif; color: #0000ff;"><span style="color: #0ca4f2;"><strong>16h00:</strong></span> <span style="color: #000000;">Xe  đưa đo&agrave;n tham quan L&agrave;ng Ch&agrave;i H&agrave;m Ninh một trong những l&agrave;ng ch&agrave;i cổ   nhất tại Việt Nam, đo&agrave;n sẽ tham quan v&agrave; mua sắm đặc sản tươi sống tại   đ&acirc;y như: Hải M&atilde;, Hải Long, T&ocirc;m T&iacute;ch, Ghẹ....</span></span></p>\n<p style="text-align: justify;"><span style="font-size: small; font-family: tahoma,arial,helvetica,sans-serif; color: #0000ff;"><span style="color: #000000;"><br /></span></span></p>\n<p style="text-align: justify;"><span style="font-size: small; font-family: tahoma,arial,helvetica,sans-serif; color: #0000ff;"><span style="color: #0ca4f2;"><strong>17h00:</strong></span> <span style="color: #000000;">Xe đưa đo&agrave;n về nh&agrave; h&agrave;ng d&ugrave;ng cơm chiều. Sau đ&oacute; về kh&aacute;ch sạn nhận ph&ograve;ng nghỉ ngơi, tự do kh&aacute;m ph&aacute; Ph&uacute; Quốc về đ&ecirc;m (<em>thưởng thức hải sản tại chợ đ&ecirc;m Ph&uacute; Quốc)</em></span></span></p>\n<p style="text-align: justify;"><span style="font-size: small; font-family: tahoma,arial,helvetica,sans-serif; color: #0000ff;"><em><br /></em></span></p>\n</div>\n</div>\n</div>\n<div>\n<div style="background-color: #009900; height: 16px; padding: 3px 5px; color: #ffffff; font-weight: bold;"><span style="font-size: small; font-family: tahoma,arial,helvetica,sans-serif; color: #ffffff;">Ngày 2: PHÚ QU&Ocirc;́C &ndash; THAM QUAN NAM ĐẢO ( C&acirc;u c&aacute; &amp; Lặn ngắm San h&ocirc;)</span></div>\n<div>&nbsp;</div>\n<div>\n<p style="text-align: justify;"><span style="font-size: small; font-family: tahoma,arial,helvetica,sans-serif; color: #0000ff;"><span style="color: #0ca4f2;"><strong>07H30:</strong> </span><span style="color: #000000;">Xe  v&agrave; HDV đ&oacute;n đo&agrave;n tại điểm đ&atilde; thống nhất. Sau đ&oacute; khởi h&agrave;nh đi tham  quan  Nam Đảo. Tr&ecirc;n đường đi đo&agrave;n d&ugrave;ng điểm t&acirc;m s&aacute;ng tại nh&agrave; h&agrave;ng. Sau đ&oacute;  xe  đưa đo&agrave;n đến tham quan trại nu&ocirc;i cấy Ngọc Trai, nơi sản xuất những  vi&ecirc;n  ngọc tự nhi&ecirc;n. Qu&yacute; kh&aacute;ch sẽ được nghe c&aacute;ch nu&ocirc;i cấy v&agrave; lấy ngọc.  Qu&yacute;  kh&aacute;ch c&oacute; thể mua về l&agrave;m qu&agrave;.</span></span></p>\n<p style="text-align: justify;"><span style="font-size: small; font-family: tahoma,arial,helvetica,sans-serif; color: #0000ff;"><span style="color: #000000;"><br /></span></span></p>\n<p style="text-align: justify;"><span style="font-size: small; font-family: tahoma,arial,helvetica,sans-serif; color: #0000ff;"><span style="color: #0ca4f2;"><strong>09h00: </strong></span><span style="color: #000000;">Đo&agrave;n   tiếp tục h&agrave;nh tr&igrave;nh xe đưa đo&agrave;n gh&eacute; lại quầy h&agrave;ng kh&ocirc; để qu&yacute; kh&aacute;ch mua   c&aacute;c m&oacute;n kh&ocirc; về l&agrave;m qu&agrave; cho người th&acirc;n. Tiếp tục h&agrave;nh tr&igrave;nh Đến cảng An   Thới HDV cty sẽ đưa qu&yacute; kh&aacute;ch l&ecirc;n t&agrave;u tham quan quần đảo An Thới với  c&aacute;c  đảo nhỏ: H&ograve;n Dừa - H&ograve;n R&otilde;i &ndash; H&ograve;n Thơm. Đo&agrave;n sẽ được chi&ecirc;m ngưỡng  những  b&atilde;i biển c&aacute;t trắng v&agrave; d&ograve;ng nước xanh trong. T&agrave;u sẽ dừng lại ngo&agrave;i  đảo ở  đ&acirc;y qu&yacute; kh&aacute;ch sẽ trổ t&agrave;i bắt c&aacute; bằng dụng cụ c&acirc;u c&aacute; chuy&ecirc;n  nghiệp của  ngư d&acirc;n tr&ecirc;n đảo. D&ugrave;ng cơm trưa tr&ecirc;n t&agrave;u với c&aacute;c chiến lợi  phẩm thu  được.</span></span></p>\n<p style="text-align: justify;"><span style="font-size: small; font-family: tahoma,arial,helvetica,sans-serif; color: #000000;">T&agrave;u   cập v&agrave;o gần bờ, du kh&aacute;ch sẽ được trang bị đồ bơi, vật dụng cần thiết  để  h&ograve;a m&igrave;nh v&agrave;o d&ograve;ng nước trong xanh, ngắm nh&igrave;n những tuyệt t&aacute;c thi&ecirc;n   nhi&ecirc;n dưới đ&aacute;y đại dương với những rặng san h&ocirc; rực rỡ đầy m&agrave;u sắc, c&ugrave;ng   những đ&agrave;n c&aacute; tung tăng bơi lội.<strong>&nbsp;&nbsp;</strong></span></p>\n<p style="text-align: justify;"><span style="font-size: small; font-family: tahoma,arial,helvetica,sans-serif; color: #000000;"><strong>&nbsp;&nbsp;&nbsp;&nbsp;&nbsp;&nbsp; </strong></span></p>\n<p style="text-align: justify;"><span style="font-size: small; font-family: tahoma,arial,helvetica,sans-serif; color: #0000ff;"><span style="color: #0ca4f2;"><strong>16H00: </strong></span><span style="color: #000000;">Xe   đưa đo&agrave;n tham quan di t&iacute;ch lịch sử Nh&agrave; lao C&acirc;y Dừa - nơi giam cầm   khoảng 40 ng&agrave;n t&ugrave; binh ch&iacute;nh trị của chế độ h&agrave; khắc thời Ph&aacute;p thuộc. Sau   đ&oacute; xe đưa đo&agrave;n về kh&aacute;ch sạn nhận ph&ograve;ng nghĩ ngơi. Tư do kh&aacute;m ph&aacute; Ph&uacute;   Quốc về đ&ecirc;m.</span></span></p>\n<p style="text-align: justify;"><span style="font-size: small; font-family: tahoma,arial,helvetica,sans-serif; color: #0000ff;"><span style="color: #000000;"><br /></span></span></p>\n<p style="text-align: justify;"><span style="font-size: small; font-family: tahoma,arial,helvetica,sans-serif; color: #0000ff;"><strong>Chương tr&igrave;nh đi k&egrave;m: </strong></span></p>\n<p style="text-align: justify;"><span style="font-size: small; font-family: tahoma,arial,helvetica,sans-serif; color: #0000ff;"><em><span style="color: #0ca4f2;"><strong>17H00:</strong></span> <span style="color: #000000;">xe  v&agrave; HDV đưa qu&yacute; kh&aacute;ch l&ecirc;n t&agrave;u v&agrave; ra khơi. Ở đ&acirc;y qu&yacute; kh&aacute;ch sẽ trải   nghiệm những gi&acirc;y ph&uacute;t thư gi&atilde;n với&nbsp; cảnh ho&agrave;ng h&ocirc;n tuyệt đẹp v&agrave; huyền   ảo đầy th&uacute; vị, Qu&yacute; kh&aacute;ch c&ugrave;ng thủy thủ đo&agrave;n trổ t&agrave;i c&acirc;u mực. Sẽ kh&ocirc;ng g&igrave;   bằng khi ch&iacute;nh tay bạn c&acirc;u được những con mực đang săn mồi dưới biển   hay vớt được những ch&uacute; c&aacute; kiếm, c&aacute; xanh xương đang nổi m&igrave;nh tr&ecirc;n mặt   biển v&agrave; c&ugrave;ng trải nghiệm cảm gi&aacute;c ra khơi như c&aacute;c ngư d&acirc;n tr&ecirc;n đảo.   Chiến lợi phẩm sẽ được phục vụ ngay tr&ecirc;n t&agrave;u.</span></em></span></p>\n<p style="text-align: justify;"><span style="font-size: small; font-family: tahoma,arial,helvetica,sans-serif; color: #0000ff;"><em><span style="color: #000000;"><br /></span></em></span></p>\n</div>\n<div style="text-align: justify;"><span style="font-size: small; font-family: tahoma,arial,helvetica,sans-serif; color: #0000ff;"><span style="color: #0ca4f2;"><strong><em>21H00:</em></strong></span><span style="color: #000000;"><em> kết th&uacute;c chuyến c&acirc;u mực đ&ecirc;m, xe đưa du kh&aacute;ch về kh&aacute;ch sạn nghỉ ngơi.<strong>Chi ph&iacute; tự t&uacute;c (300.000/người). Chương tr&igrave;nh sẽ do qu&yacute; kh&aacute;ch ấn định thời điểm</strong></em></span></span></div>\n<div style="text-align: justify;"><span style="font-size: small; font-family: tahoma,arial,helvetica,sans-serif; color: #0000ff;"><span style="color: #000000;"><em><strong><br /></strong></em></span></span></div>\n<div style="text-align: justify;">\n<div>\n<div style="background-color: #009900; height: 16px; padding: 3px 5px; color: #ffffff; font-weight: bold;"><span style="font-size: small; font-family: tahoma,arial,helvetica,sans-serif; color: #ffffff;">Ngày 3: PH&Uacute; QUỐC - KH&Aacute;M PH&Aacute; THI&Ecirc;N NHI&Ecirc;N<br /></span></div>\n<div>&nbsp;</div>\n</div>\n</div>\n<div style="text-align: justify;">\n<p><span style="font-size: small; font-family: tahoma,arial,helvetica,sans-serif;"><span style="color: #0ca4f2;"><strong>&nbsp;</strong><strong>7h30: </strong></span><span style="color: #000000;">Qu&yacute; kh&aacute;ch ăn s&aacute;ng tại kh&aacute;ch sạn. Sau đ&oacute; xe đưa qu&yacute; kh&aacute;ch tham quan vườn ti&ecirc;u Khu Tượng, nơi sản xuất những hạt ti&ecirc;u ngon, thơm nồng lừng danh khắp cả nước, một trong những mặt h&agrave;ng xuất khẩu chủ đạo của Ph&uacute; Quốc. Sau đ&oacute; xe đưa qu&yacute; kh&aacute;ch tham quan Suối Đ&aacute; B&agrave;n, một ngọn suối cao, rộng kho&aacute;c l&ecirc;n m&igrave;nh những chiếc b&agrave;n lớn khổng lồ tạo th&agrave;nh bởi đ&aacute; tự nhi&ecirc;n với nhiều hồ nước rộng, qu&yacute; kh&aacute;ch c&oacute; thể ho&agrave; m&igrave;nh trong d&ograve;ng nước m&aacute;t b&ecirc;n khung cảnh thi&ecirc;n nhi&ecirc;n thơ mộng.</span></span></p>\n<p><span style="font-size: small; font-family: tahoma,arial,helvetica,sans-serif;"><span style="color: #000000;"><br /></span></span></p>\n<p><span style="font-size: small; font-family: tahoma,arial,helvetica,sans-serif;"><span style="color: #0ca4f2;"><strong>11h30:</strong></span> <span style="color: #000000;">Xe đưa đo&agrave;n về nh&agrave; h&agrave;ng d&ugrave;ng cơm trưa. Sau đ&oacute; về kh&aacute;ch sạn nhận ph&ograve;ng nghỉ ngơi.</span></span></p>\n<p><span style="font-size: small; font-family: tahoma,arial,helvetica,sans-serif;"><span style="color: #000000;"><br /></span></span></p>\n<p><span style="font-size: small; font-family: tahoma,arial,helvetica,sans-serif;"><span style="color: #0ca4f2;"><strong>14h00:</strong></span> <span style="color: #000000;">Xe đưa đo&agrave;n tham quan Cội nguồn nơi bảo tồn nhiều lo&agrave;i sinh vật qu&yacute; hiếm của Ph&uacute; Quốc v&agrave; l&agrave; nơi trưng b&agrave;y n&eacute;t văn h&oacute;a của Ph&uacute; Quốc, nơi đ&acirc;y c&ograve;n bảo tồn 1 giống ch&oacute; qu&yacute; hiếm của thế giới m&agrave; hầu như ai cũng muốn chi&ecirc;m ngưỡng lo&agrave;i vật tinh kh&ocirc;n n&agrave;y.</span></span></p>\n<p><span style="font-size: small; font-family: tahoma,arial,helvetica,sans-serif;"><span style="color: #000000;"><br /></span></span></p>\n<p><span style="font-size: small; font-family: tahoma,arial,helvetica,sans-serif;"><span style="color: #0ca4f2;"><strong>15h00:</strong></span> <span style="color: #000000;">Xe đưa đo&agrave;n tham quan L&agrave;ng Ch&agrave;i H&agrave;m Ninh một trong những l&agrave;ng ch&agrave;i cổ nhất tại Việt Nam, đo&agrave;n sẽ tham quan v&agrave; mua sắm đặc sản tươi sống tại đ&acirc;y như: Hải M&atilde;, Hải Long, T&ocirc;m T&iacute;ch, Ghẹ....Sau đ&oacute; xe đưa kh&aacute;ch về tham quan l&ograve; sản xuất rượu Sim Bảy Gi&aacute;o người m&agrave; đ&atilde; th&agrave;nh c&ocirc;ng trong việc chiết xuất những giọt rượu bằng nguy&ecirc;n liệu l&agrave; những tr&aacute;i Sim. Sau đ&oacute; xe đưa qu&yacute; kh&aacute;ch tham quan nh&agrave; th&ugrave;ng nơi sản xuất ra những giọt nước mắm thơm nồng đ&atilde; tạo n&ecirc;n danh tiếng cho h&ograve;n đảo thơ mộng vốn c&oacute; cảnh quan thi&ecirc;n nhi&ecirc;n đẹp v&ocirc; thường.</span></span></p>\n<p><span style="font-size: small; font-family: tahoma,arial,helvetica,sans-serif;"><span style="color: #000000;"><br /></span></span></p>\n<p><span style="font-size: small; font-family: tahoma,arial,helvetica,sans-serif;"><span style="color: #0ca4f2;"><strong>17h00:</strong></span> <span style="color: #000000;">Xe đưa qu&yacute; kh&aacute;ch về kh&aacute;ch sạn nhận ph&ograve;ng nghỉ ngơi. Qu&yacute; kh&aacute;ch tự do dạo phố, kh&aacute;m ph&aacute; Ph&uacute; Quốc về đ&ecirc;m</span></span></p>\n</div>\n<div style="text-align: justify;"><span style="font-size: small; font-family: tahoma,arial,helvetica,sans-serif; color: #0000ff;"><em><strong><br /></strong></em></span></div>\n<div>\n<div>\n<div style="background-color: #009900; height: 16px; padding: 3px 5px; color: #ffffff; font-weight: bold;"><span style="font-size: small; font-family: tahoma,arial,helvetica,sans-serif; color: #ffffff;">Ngày 4: TIỄN KH&Aacute;CH RA S&Acirc;N BAY PH&Uacute; QUỐC<br /></span></div>\n<div>&nbsp;</div>\n</div>\n<div><span style="font-family: tahoma,arial,helvetica,sans-serif;"><span style="font-size: small; color: #0000ff;">&nbsp;</span><span style="font-size: small; line-height: 115%; color: #000000;">Đo&agrave;n   d&ugrave;ng điểm t&acirc;m s&aacute;ng tại kh&aacute;ch sạn, tự do ngắm cảnh b&igrave;nh minh Ph&uacute; Quốc.   Xe đưa qu&yacute; kh&aacute;ch ra Bến t&agrave;u hoặc s&acirc;n bay. Kết th&uacute;c chuyến tham quan,   Chia tay v&agrave; hẹn gặp lại</span></span></div>\n<div><span style="font-size: small; line-height: 115%; color: #0000ff; font-family: tahoma,arial,helvetica,sans-serif;"><br /></span></div>\n<div>\n<p style="text-align: justify;"><span style="text-decoration: underline; color: #ff0000; font-family: tahoma,arial,helvetica,sans-serif;"><span style="font-size: small;"><strong>Gi&aacute; tr&ecirc;n bao gồm:</strong></span></span></p>\n<p style="text-align: justify;"><span style="font-size: small; font-family: tahoma,arial,helvetica,sans-serif; color: #000000;">-&nbsp;&nbsp; Kh&aacute;ch sạn đạt ti&ecirc;u chuẩn 2 sao, 3 sao, 4 sao, tiện nghi đầy đủ (2-3 kh&aacute;ch/ph&ograve;ng)</span></p>\n<p style="text-align: justify;"><span style="font-size: small; font-family: tahoma,arial,helvetica,sans-serif; color: #000000;">-&nbsp;&nbsp; Ăn uống: C&aacute;c bữa ăn được chọn lọc đảm bảo vệ sinh an to&agrave;n thực phẩm. 06 bữa ăn ch&iacute;nh, 03 bữa ăn s&aacute;ng.</span></p>\n<p style="text-align: justify;"><span style="font-size: small; font-family: tahoma,arial,helvetica,sans-serif; color: #000000;">-&nbsp;&nbsp; Khăn lạnh, nước uống (02 chai 0.5l/kh&aacute;ch/ng&agrave;y)</span></p>\n<p style="text-align: justify;"><span style="font-size: small; font-family: tahoma,arial,helvetica,sans-serif; color: #000000;">-&nbsp;&nbsp; Xe tham quan du lịch đời mới, m&aacute;y lạnh, phục vụ ri&ecirc;ng từng nh&oacute;m suốt h&agrave;nh tr&igrave;nh. Kh&ocirc;ng gh&eacute;p với nh&oacute;m kh&aacute;c.</span></p>\n<p style="text-align: justify;"><span style="font-size: small; font-family: tahoma,arial,helvetica,sans-serif; color: #000000;">-&nbsp;&nbsp; Du thuyền tham quan tr&ecirc;n biển phục vụ ri&ecirc;ng cho từng nh&oacute;m từ 6 kh&aacute;ch trở l&ecirc;n.</span></p>\n<p style="text-align: justify;"><span style="font-size: small; font-family: tahoma,arial,helvetica,sans-serif; color: #000000;">-&nbsp;&nbsp; VAT 10%</span></p>\n<p style="text-align: justify;"><span style="font-size: small; font-family: tahoma,arial,helvetica,sans-serif; color: #000000;"> <strong>PHỤC VỤ:</strong></span></p>\n<p style="text-align: justify;"><span style="font-size: small; font-family: tahoma,arial,helvetica,sans-serif; color: #000000;">*&nbsp;&nbsp; Hướng dẫn vi&ecirc;n chu đ&aacute;o, vui vẻ, nhiệt t&igrave;nh suốt tuyến, biết về nghiệp vụ sơ cấp cứu.</span></p>\n<p style="text-align: justify;"><span style="font-size: small; font-family: tahoma,arial,helvetica,sans-serif; color: #000000;">*&nbsp;&nbsp; Thuốc y tế th&ocirc;ng thường: say xe, đau bụng, băng gạt, dầu gi&oacute;,&hellip;</span></p>\n<p style="text-align: justify;"><span style="font-size: small; font-family: tahoma,arial,helvetica,sans-serif; color: #000000;">*&nbsp;&nbsp; Tham quan theo chương tr&igrave;nh đ&iacute;nh k&egrave;m.</span></p>\n<p style="text-align: justify;"><span style="font-size: small; font-family: tahoma,arial,helvetica,sans-serif; color: #000000;"> <strong>QU&Agrave; TẶNG C&Ocirc;NG TY: </strong></span></p>\n<p style="text-align: justify;"><span style="font-size: small; font-family: tahoma,arial,helvetica,sans-serif; color: #000000;">*&nbsp;&nbsp; Một tấm ảnh lưu niệm.</span></p>\n<p style="text-align: justify;"><span style="font-size: small; font-family: tahoma,arial,helvetica,sans-serif; color: #000000;">*&nbsp;&nbsp; N&oacute;n du lịch</span></p>\n<p style="text-align: justify;"><span style="font-family: tahoma,arial,helvetica,sans-serif;"><span style="font-size: small;"> <strong><span style="text-decoration: underline;">Gi&aacute; tour kh&ocirc;ng bao gồm</span></strong></span><span style="font-size: small;"><strong>:</strong></span><span style="font-size: small; color: #000000;"><strong><br /></strong></span></span></p>\n<p style="text-align: justify;"><span style="font-size: small; font-family: tahoma,arial,helvetica,sans-serif; color: #000000;">-&nbsp;&nbsp; Ăn uống, điện thoại, c&aacute;c dịch vụ vui chơi giải tr&iacute; c&aacute; nh&acirc;n ngo&agrave;i chương tr&igrave;nh.</span></p>\n<p style="text-align: justify;"><span style="font-size: small; font-family: tahoma,arial,helvetica,sans-serif; color: #000000;">-&nbsp;&nbsp; Phương tiện vận chuyển: xe, t&agrave;u, m&aacute;y bay.</span></p>\n<p style="text-align: justify;"><span style="font-size: small; font-family: tahoma,arial,helvetica,sans-serif; color: #000000;">-&nbsp;&nbsp; C&acirc;u mực đ&ecirc;m.</span></p>\n<p style="text-align: justify;"><span style="font-size: small; font-family: tahoma,arial,helvetica,sans-serif; color: #ff0000;"><strong><em><span style="text-decoration: underline;">Ghi ch&uacute;:</span></em></strong></span></p>\n<p style="text-align: justify;"><span style="font-size: small; font-family: tahoma,arial,helvetica,sans-serif; color: #000000;">-&nbsp;&nbsp; Trẻ em từ 11 tuổi trở l&ecirc;n: t&iacute;nh bằng gi&aacute; người lớn.</span></p>\n<p style="text-align: justify;"><span style="font-size: small; font-family: tahoma,arial,helvetica,sans-serif; color: #000000;">-&nbsp;&nbsp; Trẻ em từ 06 đến dưới 11 tuổi: t&iacute;nh &frac12; gi&aacute; v&eacute;, bao gồm: 1 suất ăn, 1 chỗ ngồi tr&ecirc;n xe, v&eacute; tham quan, ngủ chung với gia đ&igrave;nh.</span></p>\n<p style="text-align: justify;"><span style="font-size: small; font-family: tahoma,arial,helvetica,sans-serif; color: #000000;">-&nbsp;&nbsp; Trẻ em dưới 06 tuổi: miễn ph&iacute; (2 người lớn chỉ k&egrave;m 1 trẻ miễn ph&iacute;, trẻ thứ 2 phải mua 30% gi&aacute; tour).</span></p>\n<p style="text-align: justify;"><span style="font-size: small; font-family: tahoma,arial,helvetica,sans-serif; color: #000000;">-&nbsp;&nbsp;  Trẻ em mua V&eacute; m&aacute;y bay theo qui định của Việt Nam Airline, Air Mekong  (tr&ecirc;n 12 tuổi mua 100% v&eacute;, từ 02 - dưới 12 tuổi mua 75% v&eacute;, dưới 02 tuổi  mua 10%v&eacute;).</span></p>\n</div>\n</div>\n</div>', '4 ngày 3 đêm', '3.852.800 VND / 1 người', 'Máy bay', 'Phú Quốc'),
(8, 'vi', 'PHÚ QUỐC - NẮNG VÀ BIỂN                         (Tour 3 Ngày 2 Đêm)', NULL, '<p style="text-align: justify;"><span style="font-size: small; font-family: arial,helvetica,sans-serif; color: #000000;">Đến với Ph&uacute; Quốc, du kh&aacute;ch sẽ được chi&ecirc;m ngưỡng những b&atilde;i biển c&aacute;t trắng, h&ograve;a m&igrave;nh v&agrave;o d&ograve;ng nước trong xanh, ngắm nh&igrave;n những tuyệt t&aacute;c thi&ecirc;n nhi&ecirc;n dưới đ&aacute;y đại dương với những rặng san h&ocirc; rực rỡ đầy m&agrave;u sắc. C&ugrave;ng trải nghiệm những gi&acirc;y ph&uacute;t thư gi&atilde;n với cảnh ho&agrave;ng h&ocirc;n tuyệt đẹp v&agrave; huyền ảo đầy th&uacute; vị...</span></p>', '<div>\n<div>\n<div style="background-color: #009900; height: 16px; padding: 3px 5px; color: #ffffff; font-weight: bold;"><span style="color: #0000ff;"><span style="font-size: small; font-family: arial,helvetica,sans-serif; color: #ffffff;">Ngày 1 : PHÚ QU&Ocirc;́C &ndash; BI&Ecirc;̉N XANH C&Aacute;T TRẮNG</span><br /></span></div>\n<div style="text-align: justify;"><span style="background-color: #ffffff; font-size: xx-small;">.</span></div>\n<div style="text-align: justify;"><span style="font-size: small; font-family: arial,helvetica,sans-serif; color: #000000;">Xe  v&agrave; HDV Cty đ&oacute;n đo&agrave;n tại điểm thống nhất, đưa đo&agrave;n về nh&agrave; h&agrave;ng d&ugrave;ng cơm  trưa, sau đ&oacute; xe đưa đo&agrave;n về kh&aacute;ch sạn nhận ph&ograve;ng nghỉ ngơi.</span></div>\n<div>\n<p style="text-align: justify;"><span style="font-size: small; font-family: arial,helvetica,sans-serif; color: #0000ff;"><span style="color: #008000;"><strong>14h00:</strong><span style="color: #000000;"> Xe đưa đo&agrave;n đến b&atilde;i Sao một trong những b&atilde;i biển đẹp nhất tại Ph&uacute; Quốc.  Tr&ecirc;n đường đi qu&yacute; kh&aacute;ch được nghe giới thiệu về c&aacute;c địa danh nổi tiếng ở  đ&acirc;y v&agrave; c&ugrave;ng tham gia c&aacute;c tr&ograve; chơi vận động tr&ecirc;n xe do hướng dẫn vi&ecirc;n  phụ tr&aacute;ch. Đến b&atilde;i Sao qu&yacute; kh&aacute;ch sẽ đắm m&igrave;nh trong d&ograve;ng nước trong xanh  v&agrave; chi&ecirc;m ngưỡng b&atilde;i c&aacute;t trắng uốn cong như h&igrave;nh thiếu nữ vươn m&igrave;nh ra  biển. Qu&yacute; kh&aacute;ch thưởng thức c&aacute;c m&oacute;n hải sản tươi sống, thuần t&uacute;y tại Ph&uacute;  Quốc như: Cơm Ghẹ, gỏi c&aacute; tr&iacute;ch...(<em>chi ph&iacute; tự t&uacute;c).</em></span></span></span></p>\n<p style="text-align: justify;"><span style="font-size: small; font-family: arial,helvetica,sans-serif; color: #0000ff;"><span style="color: #008000;"><strong>16h00:</strong></span> <span style="color: #000000;">Xe đưa đo&agrave;n tham quan L&agrave;ng Ch&agrave;i H&agrave;m Ninh một trong những l&agrave;ng ch&agrave;i cổ  nhất tại Việt Nam, đo&agrave;n sẽ tham quan v&agrave; mua sắm đặc sản tươi sống tại  đ&acirc;y như: Hải M&atilde;, Hải Long, T&ocirc;m T&iacute;ch, Ghẹ....</span></span></p>\n<p style="text-align: justify;"><span style="font-size: small; font-family: arial,helvetica,sans-serif; color: #0000ff;"><span style="color: #ff0000;"><strong><span style="color: #008000;">17h00:</span></strong></span> <span style="color: #000000;">Xe đưa đo&agrave;n về nh&agrave; h&agrave;ng d&ugrave;ng cơm chiều. Sau đ&oacute; về kh&aacute;ch sạn nhận ph&ograve;ng nghỉ ngơi, tự do kh&aacute;m ph&aacute; Ph&uacute; Quốc về đ&ecirc;m (<em>thưởng thức hải sản tại chợ đ&ecirc;m Ph&uacute; Quốc)</em></span></span></p>\n<p style="text-align: justify;"><span style="font-size: small; font-family: arial,helvetica,sans-serif; color: #0000ff;"><em><br /></em></span></p>\n</div>\n</div>\n</div>\n<div>\n<div style="background-color: #009900; height: 16px; padding: 3px 5px; color: #ffffff; font-weight: bold;"><span style="font-size: small; font-family: arial,helvetica,sans-serif; color: #ffffff;">Ngày 2: PHÚ QU&Ocirc;́C &ndash; THAM QUAN NAM ĐẢO ( C&acirc;u c&aacute; &amp; Lặn ngắm San h&ocirc;)</span></div>\n<div>&nbsp;</div>\n<div>\n<p style="text-align: justify;"><span style="font-size: small; font-family: arial,helvetica,sans-serif; color: #0000ff;"><span style="color: #008000;"><strong>07H30:</strong> </span><span style="color: #000000;">Xe v&agrave; HDV đ&oacute;n đo&agrave;n tại điểm đ&atilde; thống nhất. Sau đ&oacute; khởi h&agrave;nh đi tham  quan Nam Đảo. Tr&ecirc;n đường đi đo&agrave;n d&ugrave;ng điểm t&acirc;m s&aacute;ng tại nh&agrave; h&agrave;ng. Sau đ&oacute;  xe đưa đo&agrave;n đến tham quan trại nu&ocirc;i cấy Ngọc Trai, nơi sản xuất những  vi&ecirc;n ngọc tự nhi&ecirc;n. Qu&yacute; kh&aacute;ch sẽ được nghe c&aacute;ch nu&ocirc;i cấy v&agrave; lấy ngọc.  Qu&yacute; kh&aacute;ch c&oacute; thể mua về l&agrave;m qu&agrave;.</span></span></p>\n<p style="text-align: justify;"><span style="font-size: small; font-family: arial,helvetica,sans-serif; color: #0000ff;"><span style="color: #008000;"><strong>09h00: </strong></span><span style="color: #000000;">Đo&agrave;n  tiếp tục h&agrave;nh tr&igrave;nh xe đưa đo&agrave;n gh&eacute; lại quầy h&agrave;ng kh&ocirc; để qu&yacute; kh&aacute;ch mua  c&aacute;c m&oacute;n kh&ocirc; về l&agrave;m qu&agrave; cho người th&acirc;n. Tiếp tục h&agrave;nh tr&igrave;nh Đến cảng An  Thới HDV cty sẽ đưa qu&yacute; kh&aacute;ch l&ecirc;n t&agrave;u tham quan quần đảo An Thới với c&aacute;c  đảo nhỏ: H&ograve;n Dừa - H&ograve;n R&otilde;i &ndash; H&ograve;n Thơm. Đo&agrave;n sẽ được chi&ecirc;m ngưỡng những  b&atilde;i biển c&aacute;t trắng v&agrave; d&ograve;ng nước xanh trong. T&agrave;u sẽ dừng lại ngo&agrave;i đảo ở  đ&acirc;y qu&yacute; kh&aacute;ch sẽ trổ t&agrave;i bắt c&aacute; bằng dụng cụ c&acirc;u c&aacute; chuy&ecirc;n nghiệp của  ngư d&acirc;n tr&ecirc;n đảo. D&ugrave;ng cơm trưa tr&ecirc;n t&agrave;u với c&aacute;c chiến lợi phẩm thu  được.</span></span></p>\n<p style="text-align: justify;"><span style="font-size: small; font-family: arial,helvetica,sans-serif; color: #000000;">T&agrave;u  cập v&agrave;o gần bờ, du kh&aacute;ch sẽ được trang bị đồ bơi, vật dụng cần thiết để  h&ograve;a m&igrave;nh v&agrave;o d&ograve;ng nước trong xanh, ngắm nh&igrave;n những tuyệt t&aacute;c thi&ecirc;n  nhi&ecirc;n dưới đ&aacute;y đại dương với những rặng san h&ocirc; rực rỡ đầy m&agrave;u sắc, c&ugrave;ng  những đ&agrave;n c&aacute; tung tăng bơi lội.<strong>&nbsp;&nbsp;&nbsp;&nbsp;&nbsp;&nbsp;&nbsp;&nbsp; </strong></span></p>\n<p style="text-align: justify;"><span style="font-size: small; font-family: arial,helvetica,sans-serif; color: #0000ff;"><span style="color: #008000;"><strong>16H00: </strong></span><span style="color: #000000;">Xe  đưa đo&agrave;n tham quan di t&iacute;ch lịch sử Nh&agrave; lao C&acirc;y Dừa - nơi giam cầm  khoảng 40 ng&agrave;n t&ugrave; binh ch&iacute;nh trị của chế độ h&agrave; khắc thời Ph&aacute;p thuộc. Sau  đ&oacute; xe đưa đo&agrave;n về kh&aacute;ch sạn nhận ph&ograve;ng nghĩ ngơi. Tư do kh&aacute;m ph&aacute; Ph&uacute;  Quốc về đ&ecirc;m.</span></span></p>\n<p style="text-align: justify;"><span style="font-size: small; font-family: arial,helvetica,sans-serif; color: #0000ff;"><strong>Chương tr&igrave;nh đi k&egrave;m: </strong></span></p>\n<p style="text-align: justify;"><span style="font-size: small; font-family: arial,helvetica,sans-serif; color: #0000ff;"><em><span style="color: #008000;"><strong>17H00:</strong></span> <span style="color: #000000;">xe v&agrave; HDV đưa qu&yacute; kh&aacute;ch l&ecirc;n t&agrave;u v&agrave; ra khơi. Ở đ&acirc;y qu&yacute; kh&aacute;ch sẽ trải  nghiệm những gi&acirc;y ph&uacute;t thư gi&atilde;n với&nbsp; cảnh ho&agrave;ng h&ocirc;n tuyệt đẹp v&agrave; huyền  ảo đầy th&uacute; vị, Qu&yacute; kh&aacute;ch c&ugrave;ng thủy thủ đo&agrave;n trổ t&agrave;i c&acirc;u mực. Sẽ kh&ocirc;ng g&igrave;  bằng khi ch&iacute;nh tay bạn c&acirc;u được những con mực đang săn mồi dưới biển  hay vớt được những ch&uacute; c&aacute; kiếm, c&aacute; xanh xương đang nổi m&igrave;nh tr&ecirc;n mặt  biển v&agrave; c&ugrave;ng trải nghiệm cảm gi&aacute;c ra khơi như c&aacute;c ngư d&acirc;n tr&ecirc;n đảo.  Chiến lợi phẩm sẽ được phục vụ ngay tr&ecirc;n t&agrave;u.</span></em></span></p>\n</div>\n<div style="text-align: justify;"><span style="font-size: small; font-family: arial,helvetica,sans-serif; color: #0000ff;"><span style="color: #008000;"><strong><em>21H00:</em></strong></span><span style="color: #000000;"><em> kết th&uacute;c chuyến c&acirc;u mực đ&ecirc;m, xe đưa du kh&aacute;ch về kh&aacute;ch sạn nghỉ ngơi.<strong>Chi ph&iacute; tự t&uacute;c (300.000/người). Chương tr&igrave;nh sẽ do qu&yacute; kh&aacute;ch ấn định thời điểm</strong></em></span></span></div>\n<div style="text-align: justify;"><span style="font-size: small; font-family: arial,helvetica,sans-serif; color: #0000ff;"><em><strong><br /></strong></em></span></div>\n<div>\n<div>\n<div style="background-color: #009900; height: 16px; padding: 3px 5px; color: #ffffff; font-weight: bold;"><span style="font-size: small; font-family: arial,helvetica,sans-serif; color: #ffffff;">Ngày 3: TIỄN KH&Aacute;CH RA S&Acirc;N BAY PH&Uacute; QUỐC<br /></span></div>\n<div>&nbsp;</div>\n</div>\n<div><span style="font-size: small; font-family: arial,helvetica,sans-serif; color: #0000ff;">&nbsp;</span><span style="font-size: small; line-height: 115%; color: #000000; font-family: arial,helvetica,sans-serif;">Đo&agrave;n  d&ugrave;ng điểm t&acirc;m s&aacute;ng tại kh&aacute;ch sạn, tự do ngắm cảnh b&igrave;nh minh Ph&uacute; Quốc.  Xe đưa qu&yacute; kh&aacute;ch ra Bến t&agrave;u hoặc s&acirc;n bay. Kết th&uacute;c chuyến tham quan,  Chia tay v&agrave; hẹn gặp lại</span></div>\n<div><span style="font-size: small; line-height: 115%; color: #0000ff; font-family: arial,helvetica,sans-serif;"><br /></span></div>\n<div>\n<p style="text-align: justify;"><span style="text-decoration: underline; color: #008000;"><span style="font-family: arial,helvetica,sans-serif; font-size: small;"><strong>Gi&aacute; tr&ecirc;n bao gồm:</strong></span></span></p>\n<p style="text-align: justify;"><span style="font-size: small; font-family: arial,helvetica,sans-serif; color: #000000;">-&nbsp;&nbsp; Kh&aacute;ch sạn đạt ti&ecirc;u chuẩn 2 sao, 3 sao, 4 sao, tiện nghi đầy đủ (2-3 kh&aacute;ch/ph&ograve;ng)</span></p>\n<p style="text-align: justify;"><span style="font-size: small; font-family: arial,helvetica,sans-serif; color: #000000;">-&nbsp;&nbsp; Ăn uống: C&aacute;c bữa ăn được chọn lọc đảm bảo vệ sinh an to&agrave;n thực phẩm. 04 bữa ăn ch&iacute;nh, 02 bữa ăn s&aacute;ng.</span></p>\n<p style="text-align: justify;"><span style="font-size: small; font-family: arial,helvetica,sans-serif; color: #000000;">-&nbsp;&nbsp; Khăn lạnh, nước uống (02 chai 0.5l/kh&aacute;ch/ng&agrave;y)</span></p>\n<p style="text-align: justify;"><span style="font-size: small; font-family: arial,helvetica,sans-serif; color: #000000;">-&nbsp;&nbsp; Xe tham quan du lịch đời mới, m&aacute;y lạnh, phục vụ ri&ecirc;ng từng nh&oacute;m suốt h&agrave;nh tr&igrave;nh. Kh&ocirc;ng gh&eacute;p với nh&oacute;m kh&aacute;c.</span></p>\n<p style="text-align: justify;"><span style="font-size: small; font-family: arial,helvetica,sans-serif; color: #000000;">-&nbsp;&nbsp; Du thuyền tham quan tr&ecirc;n biển phục vụ ri&ecirc;ng cho từng nh&oacute;m từ 6 kh&aacute;ch trở l&ecirc;n.</span></p>\n<p style="text-align: justify;"><span style="font-size: small; font-family: arial,helvetica,sans-serif; color: #000000;">-&nbsp;&nbsp; VAT 10%</span></p>\n<p style="text-align: justify;"><span style="font-size: small; font-family: arial,helvetica,sans-serif; color: #000000;"> <strong>PHỤC VỤ:</strong></span></p>\n<p style="text-align: justify;"><span style="font-size: small; font-family: arial,helvetica,sans-serif; color: #000000;">*&nbsp;&nbsp; Hướng dẫn vi&ecirc;n chu đ&aacute;o, vui vẻ, nhiệt t&igrave;nh suốt tuyến, biết về nghiệp vụ sơ cấp cứu.</span></p>\n<p style="text-align: justify;"><span style="font-size: small; font-family: arial,helvetica,sans-serif; color: #000000;">*&nbsp;&nbsp; Thuốc y tế th&ocirc;ng thường: say xe, đau bụng, băng gạt, dầu gi&oacute;,&hellip;</span></p>\n<p style="text-align: justify;"><span style="font-size: small; font-family: arial,helvetica,sans-serif; color: #000000;">*&nbsp;&nbsp; Tham quan theo chương tr&igrave;nh đ&iacute;nh k&egrave;m.</span></p>\n<p style="text-align: justify;"><span style="font-size: small; font-family: arial,helvetica,sans-serif; color: #000000;"> <strong>QU&Agrave; TẶNG C&Ocirc;NG TY: </strong></span></p>\n<p style="text-align: justify;"><span style="font-size: small; font-family: arial,helvetica,sans-serif; color: #000000;">*&nbsp;&nbsp; Một tấm ảnh lưu niệm.</span></p>\n<p style="text-align: justify;"><span style="font-size: small; font-family: arial,helvetica,sans-serif; color: #000000;">*&nbsp;&nbsp; N&oacute;n du lịch</span></p>\n<p style="text-align: justify;"><span style="font-size: small; font-family: arial,helvetica,sans-serif;"> <strong><span style="text-decoration: underline;">Gi&aacute; tour kh&ocirc;ng bao gồm</span></strong></span><span style="font-size: small; font-family: arial,helvetica,sans-serif;"><strong>:</strong></span><span style="font-size: small; font-family: arial,helvetica,sans-serif; color: #000000;"><strong><br /></strong></span></p>\n<p style="text-align: justify;"><span style="font-size: small; font-family: arial,helvetica,sans-serif; color: #000000;">-&nbsp;&nbsp; Ăn uống, điện thoại, c&aacute;c dịch vụ vui chơi giải tr&iacute; c&aacute; nh&acirc;n ngo&agrave;i chương tr&igrave;nh.</span></p>\n<p style="text-align: justify;"><span style="font-size: small; font-family: arial,helvetica,sans-serif; color: #000000;">-&nbsp;&nbsp; Phương tiện vận chuyển: xe, t&agrave;u, m&aacute;y bay.</span></p>\n<p style="text-align: justify;"><span style="font-size: small; font-family: arial,helvetica,sans-serif; color: #000000;">-&nbsp;&nbsp; C&acirc;u mực đ&ecirc;m.</span></p>\n<p style="text-align: justify;"><span style="font-size: small; font-family: arial,helvetica,sans-serif; color: #ff0000;"><strong><em><span style="text-decoration: underline;">Ghi ch&uacute;:</span></em></strong></span></p>\n<p style="text-align: justify;"><span style="font-size: small; font-family: arial,helvetica,sans-serif; color: #000000;">-&nbsp;&nbsp; Trẻ em từ 11 tuổi trở l&ecirc;n: t&iacute;nh bằng gi&aacute; người lớn.</span></p>\n<p style="text-align: justify;"><span style="font-size: small; font-family: arial,helvetica,sans-serif; color: #000000;">-&nbsp;&nbsp; Trẻ em từ 06 đến dưới 11 tuổi: t&iacute;nh &frac12; gi&aacute; v&eacute;, bao gồm: 1 suất ăn, 1 chỗ ngồi tr&ecirc;n xe, v&eacute; tham quan, ngủ chung với gia đ&igrave;nh.</span></p>\n<p style="text-align: justify;"><span style="font-size: small; font-family: arial,helvetica,sans-serif; color: #000000;">-&nbsp;&nbsp; Trẻ em dưới 06 tuổi: miễn ph&iacute; (2 người lớn chỉ k&egrave;m 1 trẻ miễn ph&iacute;, trẻ thứ 2 phải mua 30% gi&aacute; tour).</span></p>\n<p style="text-align: justify;"><span style="font-size: small; font-family: arial,helvetica,sans-serif; color: #000000;">-&nbsp;&nbsp; Trẻ em mua V&eacute; m&aacute;y bay theo qui định của Việt Nam Airline, Air Mekong (tr&ecirc;n 12 tuổi mua 100% v&eacute;, từ 02 - dưới 12 tuổi mua 75% v&eacute;, dưới 02 tuổi mua 10%v&eacute;).</span></p>\n</div>\n</div>\n</div>', '3 ngày 2 đêm', '2.753.800 VND / 1 người', 'Máy bay', 'Phú Quốc'),
(8, 'en', 'PHU QUOC - SNOKLING & FISHING', NULL, '<p>updating...</p>', '<p>updating...</p>', '3 Days & 2 Nights', '142 USD / 1 person', 'Plane', 'Phu Quoc Island'),
(9, 'en', 'PHU QUOC - GREEN ISLAND', NULL, '<p>updating...</p>', '<p>updating...</p>', '4 Days - 3 Nights', '198 USD / 1 person', 'Plane', 'Phu Quoc Island'),
(22, 'en', 'PHU QUOC', NULL, '<p>Updating...</p>', '<p>﻿Updating...</p>', '3 days/ 2 nights', '64 USD / 1 person', 'Car-boat', 'Phu Quoc');
INSERT INTO `tour_lang` (`tour_id`, `lang`, `title`, `url`, `summary`, `content`, `time_tour`, `price`, `vehicle`, `destination`) VALUES
(22, 'vi', 'HÀNH TRÌNH ĐẾN PHÚ QUỐC -CÂU CÁ (3N2Đ)', NULL, '<address style="text-align: justify;"><span style="font-size: medium; font-family: times new roman,times; color: #000000;">Kh&ocirc;ng những t&igrave;m hiểu về n&eacute;t văn h&oacute;a v&agrave; vẻ đẹp hoang sơ. Bạn c&ograve;n được h&ograve;a m&igrave;nh c&ugrave;ng thi&ecirc;n nhi&ecirc;n để kh&aacute;m ph&aacute; thế giới dưới biển; với chương tr&igrave;nh c&acirc;u c&aacute;, lăn ngắm san hồ v&agrave; tham quan bằng t&agrave;u du lịch.</span></address>', '<p><span style="font-size: medium; font-family: arial,helvetica,sans-serif; color: #0000ff;"><strong>Ng&agrave;y 1 : Đ&oacute;n kh&aacute;ch - Tham quan Nam đảo</strong>&nbsp;</span></p>\n<p><span style="font-size: medium; font-family: arial,helvetica,sans-serif; color: #000000;"><strong>&nbsp; &curren;&nbsp;</strong><strong> Buổi s&aacute;ng</strong>: Xe v&agrave; HDV Du Lịch H&agrave;nh Tr&igrave;nh Xanh đ&oacute;n đo&agrave;n tại điểm hẹn, về nh&agrave; h&agrave;ng d&ugrave;ng cơm trưa, về kh&aacute;ch sạn nhận ph&ograve;ng v&agrave; nghỉ ngơi.&nbsp;</span></p>\n<p><span style="font-size: medium; font-family: arial,helvetica,sans-serif; color: #000000;"><strong>&nbsp; &curren;&nbsp; Buổi chiều:</strong> Xe đưa đo&agrave;n tham quan <strong>Đ&ocirc;ng đảo</strong>&nbsp;</span></p>\n<p><span style="font-size: medium; font-family: arial,helvetica,sans-serif; color: #000000;"><strong>&nbsp; &nbsp; &nbsp; &bull; Ch&ugrave;a H&ugrave;ng Long Tự</strong> (c&ograve;n&nbsp; gọi l&agrave; <strong>Am&nbsp; Sư Mu&ocirc;n</strong>)</span></p>\n<p><span style="font-size: medium; font-family: arial,helvetica,sans-serif; color: #000000;"><strong>&nbsp; &nbsp; &nbsp; &bull; L&agrave;ng Ch&agrave;i H&agrave;m Ninh</strong> một trong những l&agrave;ng ch&agrave;i cổ nhất tại Việt Nam, tham quan v&agrave; thưởng thức hải sản tươi sống như: Hải M&atilde;, Hải Long, T&ocirc;m T&iacute;ch, Ghẹ....&nbsp;</span></p>\n<p><span style="font-size: medium; font-family: arial,helvetica,sans-serif; color: #000000;"><strong>&nbsp; &nbsp; &nbsp; &bull; Suối Tranh</strong> leo n&uacute;i, d&atilde; ngoại. (Từ th&aacute;ng 05 - 10 tắm suối c&oacute; th&aacute;c đổ, chinh phục th&aacute;c Tranh),&nbsp;</span></p>\n<p><span style="font-size: medium; font-family: arial,helvetica,sans-serif; color: #000000;">&nbsp;&nbsp;&nbsp;&nbsp;&nbsp; &bull; Tham quan <strong>Vườn Ti&ecirc;u</strong> v&agrave; <strong>Nh&agrave; th&ugrave;ng nước Mắm</strong>, <strong>cơ sở rượu Sim</strong>.&nbsp;</span></p>\n<p><span style="font-size: medium; font-family: arial,helvetica,sans-serif; color: #000000;">&nbsp; &nbsp; &nbsp; &bull; Trở về thị trấn Dương Đ&ocirc;ng tham quan <strong>Dinh Cậu</strong>, du kh&aacute;ch c&oacute; thể &nbsp;ngắm nh&igrave;n Ho&agrave;ng h&ocirc;n tr&ecirc;n biển v&agrave; những con thuyền ra khơi đ&aacute;nh c&aacute;, nghe truyền thuyết về Dinh Cậu&nbsp;</span></p>\n<p><span style="font-size: medium; font-family: arial,helvetica,sans-serif;"><span style="color: #000000;"><strong>&nbsp; &curren;&nbsp; Buổi tối:</strong> Xe đưa đo&agrave;n về nh&agrave; h&agrave;ng d&ugrave;ng cơm tối, nghỉ ngơi, tự do dạo <strong>chợ đ&ecirc;m Dinh Cậu</strong> (thưởng thức hải sản tại chợ đ&ecirc;m Ph&uacute; Quốc).</span>&nbsp;</span></p>\n<p><span style="font-size: medium; font-family: arial,helvetica,sans-serif;"><br /> </span></p>\n<p><span style="font-size: medium; font-family: arial,helvetica,sans-serif;"><span style="color: #0000ff;"><strong>Ng&agrave;y 2 : Tham Quan Nam Đảo,C&acirc;u c&aacute;, lặn ngắm san h&ocirc;</strong></span>&nbsp;</span></p>\n<p><span style="font-size: medium; font-family: arial,helvetica,sans-serif; color: #000000;"><strong>&curren;&nbsp; Buổi s&aacute;ng:</strong> Khởi h&agrave;nh đi tham quan Nam Đảo&nbsp;</span></p>\n<p><span style="font-size: medium; font-family: arial,helvetica,sans-serif; color: #000000;"><strong>&nbsp; &nbsp; &nbsp; &bull; Cơ sở nu&ocirc;i cấy Ngọc Trai,</strong> nơi cho ra đời những vi&ecirc;n ngọc trai tuyệt đẹp. Qu&yacute; kh&aacute;ch c&oacute; thể mua về l&agrave;m qu&agrave; cho người th&acirc;n<strong><br /> </strong></span></p>\n<p><span style="font-size: medium; font-family: arial,helvetica,sans-serif; color: #000000;">&nbsp; &nbsp; &nbsp; &bull; Đến <strong>Cảng An Thới</strong>, Du kh&aacute;ch l&ecirc;n t&agrave;u tham quan c&aacute;c h&ograve;n đảo như <strong>H&ograve;n Dừa, H&ograve;n R&otilde;i, H&ograve;n Thơm</strong>. Tại đ&acirc;y du kh&aacute;ch sẽ được trang bị đồ c&acirc;u, trổ t&agrave;i bắt c&aacute; bằng những <strong>dụng cụ c&acirc;u c&aacute;</strong> của ngư d&acirc;n tr&ecirc;n đảo. <strong>D&ugrave;ng cơm trưa tr&ecirc;n t&agrave;u với c&aacute;c chiến lợi phẩm thu được.</strong> Du kh&aacute;ch c&ograve;n được trang bị <strong>đồ bơi, k&iacute;nh lặn, ch&acirc;n vịt</strong> h&ograve;a m&igrave;nh v&agrave;o d&ograve;ng nước trong xanh v&agrave; lặn ngắm những <strong>tảng san h&ocirc; đầy m&agrave;u sắc</strong> do thi&ecirc;n nhi&ecirc;n tạo ra v&agrave; nh&igrave;n những đ&agrave;n c&aacute; tung tăng bơi lội dưới l&ograve;ng biển xanh trong.&nbsp;</span></p>\n<p><span style="font-size: medium; font-family: arial,helvetica,sans-serif; color: #000000;"><strong>&nbsp; &curren;&nbsp; Buổi chiều :</strong>Trở về <strong>cảng An Thới</strong>&nbsp;</span></p>\n<p><span style="font-size: medium; font-family: arial,helvetica,sans-serif; color: #000000;">&nbsp;&nbsp; &nbsp;&nbsp; &bull; Tham quan di t&iacute;ch <strong>Nh&agrave; lao C&acirc;y Dừa</strong>, nơi giam cầm 40 ng&agrave;n t&ugrave; binh thời Ph&aacute;p thuộc<br /> </span></p>\n<p><span style="font-size: medium; font-family: arial,helvetica,sans-serif; color: #000000;"><strong>&nbsp;&nbsp;&nbsp;&nbsp;&nbsp; &bull; B&atilde;i Sao</strong>,một trong những b&atilde;i biển đẹp v&agrave; thơ mộng, tự do tắm biển, tham quan, nghỉ ngơi, tham gia c&aacute;c tr&ograve; chơi vận động.<br /> </span></p>\n<p><span style="font-family: arial,helvetica,sans-serif; font-size: medium;"><span style="color: #000000;"><strong>&nbsp; &curren; Buổi tối: </strong>D&ugrave;ng cơm tối v&agrave; tự do sinh hoạt.</span>&nbsp;</span></p>\n<p style="text-align: justify;"><span style="color: #ff0000; font-size: medium; font-family: arial,helvetica,sans-serif;"><strong>Chương tr&igrave;nh đi k&egrave;m: </strong></span></p>\n<p style="text-align: justify;"><span style="font-size: medium; font-family: arial,helvetica,sans-serif;"><span style="color: #008000;"><strong>17h30:</strong></span><span style="color: #000000;"> xe v&agrave; HDV đưa du kh&aacute;ch l&ecirc;n t&agrave;u v&agrave; ra khơi. Ở đ&acirc;y du kh&aacute;ch sẽ trải nghiệm những gi&acirc;y ph&uacute;t thư gi&atilde;n với&nbsp; cảnh ho&agrave;ng h&ocirc;n tuyệt đẹp v&agrave; huyền ảo đầy th&uacute; vị, Du kh&aacute;ch c&ugrave;ng thủy thủ đo&agrave;n trổ t&agrave;i c&acirc;u mực. Sẽ kh&ocirc;ng g&igrave; bằng khi ch&iacute;nh tay bạn c&acirc;u được những con mực đang săn mồi dưới biển hay vớt được những ch&uacute; c&aacute; kiếm, c&aacute; xanh xương đang nổi m&igrave;nh tr&ecirc;n mặt biển v&agrave; c&ugrave;ng trải nghiệm cảm gi&aacute;c ra khơi như c&aacute;c ngư d&acirc;n tr&ecirc;n đảo. Chiến lợi phẩm sẽ được phục vụ ngay tr&ecirc;n t&agrave;u.</span></span></p>\n<p style="text-align: justify;"><span style="font-size: medium; font-family: arial,helvetica,sans-serif;"><span style="color: #008000;"><strong>21H00: </strong></span><span style="color: #000000;">K</span><span style="color: #000000;">ết th&uacute;c chuyến c&acirc;u mực đ&ecirc;m, xe đưa du kh&aacute;ch về kh&aacute;ch sạn nghỉ ngơi.</span><span style="color: #ff0000;"><strong>Chi ph&iacute; tự t&uacute;c (250.000/người). Chương tr&igrave;nh sẽ do du kh&aacute;ch ấn định thời điểm.</strong></span></span></p>\n<p><span style="font-family: arial,helvetica,sans-serif; color: #0000ff; font-size: medium;"> <strong>Ng&agrave;y 3 : Chia tay Ph&uacute; Quốc </strong></span></p>\n<p style="text-align: justify;"><span style="font-size: medium; font-family: arial,helvetica,sans-serif; color: #000000;">Nghỉ ngơi tại kh&aacute;ch sạn, tự do tắm biển hay mua sắm tại trung t&acirc;m thị trấn Dương Đ&ocirc;ng, tiễn kh&aacute;ch ra s&acirc;n bay Ph&uacute; Quốc. Kết th&uacute;c chuyến tham quan, tạm biệt v&agrave; hẹn gặp lại.</span></p>\n<p><span style="color: #000000; font-size: medium; font-family: arial,helvetica,sans-serif;"><strong>Gi&aacute; tour/kh&aacute;ch</strong>&nbsp;</span></p>\n<p><span style="color: #000000; font-size: medium; font-family: arial,helvetica,sans-serif;"><strong>Gi&aacute; tr&ecirc;n kh&ocirc;ng &aacute;p dụng cho c&aacute;c ng&agrave;y lễ tết. Ng&agrave;y lễ tết phụ thu 15% tr&ecirc;n gi&aacute; tour đối với ti&ecirc;u chuẩn kh&aacute;ch sạn v&agrave; resort từ 2 sao đến 3 sao), 20% đối với Resort ti&ecirc;u chuẩn 4 sao</strong> <strong>&nbsp;</strong>&nbsp;</span></p>\n<p><span style="color: #000000; font-size: medium; font-family: arial,helvetica,sans-serif;"><strong>1.&nbsp;&nbsp; Gi&aacute; tour bao gồm:</strong>&nbsp;&nbsp;</span></p>\n<p><span style="color: #000000; font-size: medium; font-family: arial,helvetica,sans-serif;">- Kh&aacute;ch sạn đạt ti&ecirc;u chuẩn 2 sao, 3 sao, 4 sao, tiện nghi đầy đủ ph&ograve;ng standard 2 kh&aacute;ch/ph&ograve;ng, nếu lẻ kh&aacute;ch sẽ ở ph&ograve;ng 3.&nbsp;</span></p>\n<p><span style="color: #000000; font-size: medium; font-family: arial,helvetica,sans-serif;">- 02 bữa ăn s&aacute;ng tại kh&aacute;ch sạn, miễn ph&iacute; bữa s&aacute;ng đầu ti&ecirc;n (1 t&ocirc;, 1 ly) nếu kh&aacute;ch đ&aacute;p chuyến bay trước 8h00.&nbsp;</span></p>\n<p><span style="color: #000000; font-size: medium; font-family: arial,helvetica,sans-serif;">- 04 bữa ăn ch&iacute;nh được chọn lọc đảm bảo vệ sinh an to&agrave;n thực phẩm với menu ch&iacute;nh: Từ 2-4 kh&aacute;ch: 150,000đ/kh&aacute;ch/bữa, từ 5&ndash;10 kh&aacute;ch: 120.000đ/kh&aacute;ch, tr&ecirc;n 11 kh&aacute;ch: 100.000 đ/kh&aacute;ch/bữa. Chương tr&igrave;nh gh&eacute;p kh&aacute;ch menu 100.000đ/kh&aacute;ch/bữa, ăn s&aacute;ng theo kh&aacute;ch sạn&nbsp;</span></p>\n<p><span style="color: #000000; font-size: medium; font-family: arial,helvetica,sans-serif;">- Khăn lạnh, nước uống (02 chai 0.5l/kh&aacute;ch/ng&agrave;y)&nbsp;</span></p>\n<p><span style="color: #000000; font-size: medium; font-family: arial,helvetica,sans-serif;">- Hướng dẫn vi&ecirc;n chu đ&aacute;o, vui vẻ, nhiệt t&igrave;nh suốt tuyến, biết về nghiệp vụ sơ cấp cứu.&nbsp;</span></p>\n<p><span style="color: #000000; font-size: medium; font-family: arial,helvetica,sans-serif;">- Thuốc y tế th&ocirc;ng thường: say xe, đau bụng, băng gạt, dầu gi&oacute;,&hellip;&nbsp;</span></p>\n<p><span style="color: #000000; font-size: medium; font-family: arial,helvetica,sans-serif;">- Xe tham quan du lịch đời mới, m&aacute;y lạnh.&nbsp;</span></p>\n<p><span style="color: #000000; font-size: medium; font-family: arial,helvetica,sans-serif;">- Du thuyền tham quan tr&ecirc;n biển đảm bảo tiện nghi, an to&agrave;n v&agrave; trang bị đầy đủ về ống thở, kiếng lặn, ch&acirc;n vịt, &aacute;o phao, toilet, tắm nước ngọt tr&ecirc;n t&agrave;u (&aacute;p dụng cho kh&aacute;ch đăng k&yacute; tour c&acirc;u c&aacute; &amp; lặn ngắm san h&ocirc;).&nbsp;</span></p>\n<p><span style="color: #000000; font-size: medium; font-family: arial,helvetica,sans-serif;">- Ph&iacute; tham quan, phục vụ v&agrave; thuế gi&aacute; trị gia tăng (10%)&nbsp;</span></p>\n<p><span style="color: #000000; font-size: medium; font-family: arial,helvetica,sans-serif;">- Bảo hiểm du lịch trọn g&oacute;i (bao gồm cả bảo hiểm cho du kh&aacute;ch đi c&acirc;u c&aacute;) mức 20,000,000 VNĐ/kh&aacute;ch/vụ.&nbsp;</span></p>\n<p><span style="color: #000000; font-size: medium; font-family: arial,helvetica,sans-serif;"><strong>2.&nbsp; Gi&aacute; tour kh&ocirc;ng bao gồm:&nbsp;</strong>&nbsp;</span></p>\n<p><span style="color: #000000; font-size: medium; font-family: arial,helvetica,sans-serif;">- Ăn uống, điện thoại, dịch vụ vui chơi giải tr&iacute; c&aacute; nh&acirc;n ngo&agrave;i chương tr&igrave;nh.&nbsp;</span></p>\n<p><span style="color: #000000; font-size: medium; font-family: arial,helvetica,sans-serif;">- Phương tiện vận chuyển: V&eacute; t&agrave;u cao tốc Rạch Gi&aacute; &ndash; Ph&uacute; Quốc, t&agrave;u cao tốc H&agrave; Ti&ecirc;n &ndash; Ph&uacute; Quốc, v&eacute; m&aacute;y bay Cần Thơ &ndash; Ph&uacute; Quốc, Rạch Gi&aacute; &ndash; Ph&uacute; Quốc, TP HCM &ndash; Ph&uacute; Quốc, H&agrave; Nội &ndash; Ph&uacute; Quốc. Xe &ocirc; t&ocirc; đ&oacute;n &ndash; tiễn bến t&agrave;u.&nbsp;</span></p>\n<p><span style="color: #000000; font-size: medium; font-family: arial,helvetica,sans-serif;">- Bữa trưa ng&agrave;y về nếu kh&aacute;ch bay về chuyến bay chiều.&nbsp;</span></p>\n<p><span style="color: #000000; font-size: medium; font-family: arial,helvetica,sans-serif;"><strong>3.&nbsp; Trẻ em:</strong>&nbsp;</span></p>\n<p><span style="color: #000000; font-size: medium; font-family: arial,helvetica,sans-serif;">- Trẻ em từ 10 tuổi trở l&ecirc;n: t&iacute;nh bằng gi&aacute; người lớn.&nbsp;</span></p>\n<p><span style="color: #000000; font-size: medium; font-family: arial,helvetica,sans-serif;">- Trẻ em từ 05 đến dưới 10 tuổi: t&iacute;nh &frac12; gi&aacute; v&eacute;, bao gồm: 1 suất ăn, 1 chỗ ngồi tr&ecirc;n xe, v&eacute; tham quan, ngủ chung với gia đ&igrave;nh.&nbsp;</span></p>\n<p><span style="color: #000000; font-size: medium; font-family: arial,helvetica,sans-serif;">- Trẻ em dưới 05 tuổi: miễn ph&iacute; (2 người lớn chỉ k&egrave;m 1 trẻ miễn ph&iacute;, trẻ thứ 2 phải mua 30% gi&aacute; tour).&nbsp;</span></p>\n<p><span style="color: #000000; font-size: medium; font-family: arial,helvetica,sans-serif;">- Trẻ em mua V&eacute; m&aacute;y bay theo qui định của Việt Nam Airline, Air Mekong (tr&ecirc;n 12 tuổi mua 100% v&eacute;, từ 02 - dưới 12 tuổi mua 75% v&eacute;, dưới 02 tuổi mua 10%v&eacute;).&nbsp;</span></p>\n<p><span style="color: #000000; font-size: medium; font-family: arial,helvetica,sans-serif;"><strong>4.&nbsp; Phụ thu: </strong>&nbsp;</span></p>\n<p><span style="color: #000000; font-size: medium; font-family: arial,helvetica,sans-serif;">- Gi&aacute; tr&ecirc;n kh&ocirc;ng &aacute;p dụng cho c&aacute;c ng&agrave;y lễ tết. Ng&agrave;y lễ tết v&agrave; cận lễ tết (giỗ tổ H&ugrave;ng Vương, 30/4-1/5, Noel 24/12, Quốc kh&aacute;nh 2/9, tết dương lịch, tết nguy&ecirc;n đ&aacute;n) phụ thu 15% tr&ecirc;n gi&aacute; tour đối với ti&ecirc;u chuẩn kh&aacute;ch sạn v&agrave; resort từ 2 sao đến 3 sao, 20% đối với Resort ti&ecirc;u chuẩn 4 sao.&nbsp;</span></p>\n<p><span style="color: #000000; font-size: medium; font-family: arial,helvetica,sans-serif;">- Đối với kh&aacute;ch sạn 4 sao v&agrave; Thi&ecirc;n Hải Sơn, c&aacute;c ng&agrave;y 24/12, 31/12 sẽ c&oacute; phụ thu ph&iacute; phục vụ v&agrave; bữa tiệc Buffet bắt buộc tại kh&aacute;ch.&nbsp;</span></p>\n<p><span style="color: #000000; font-size: medium; font-family: arial,helvetica,sans-serif;">- Hướng dẫn vi&ecirc;n tiếng nước ngo&agrave;i: Tiếng anh: phụ thu 200,000 VNĐ/ng&agrave;y&nbsp;</span></p>\n<p><span style="color: #000000; font-size: medium; font-family: arial,helvetica,sans-serif;"><strong>5.&nbsp;&nbsp; Huỷ Tour &amp; Ph&iacute; Huỷ Tour</strong>&nbsp;</span></p>\n<ul>\n<li>\n<p><span style="color: #000000; font-size: medium; font-family: arial,helvetica,sans-serif;"><strong>Về chương tr&igrave;nh      tour: </strong>Trong trường hợp      kh&aacute;ch h&agrave;ng b&aacute;o hủy chuyến đi sau khi C&ocirc;ng ty đ&atilde; ho&agrave;n tất mọi thủ tục th&igrave;      chi ph&iacute; hủy l&agrave;: &nbsp;</span></p>\n</li>\n</ul>\n<p><span style="color: #000000; font-size: medium; font-family: arial,helvetica,sans-serif;">- Sau khi ho&agrave;n th&agrave;nh đăng k&yacute; tour: ph&iacute; huỷ tour 10% gi&aacute; tour&nbsp;</span></p>\n<p><span style="color: #000000; font-size: medium; font-family: arial,helvetica,sans-serif;">- 05 ng&agrave;y (l&agrave;m việc) trước ng&agrave;y khởi h&agrave;nh: ph&iacute; huỷ tour 50% gi&aacute; tour&nbsp;</span></p>\n<p><span style="color: #000000; font-size: medium; font-family: arial,helvetica,sans-serif;">- Từ 02 - 04 ng&agrave;y (l&agrave;m việc) trước ng&agrave;y khởi h&agrave;nh: ph&iacute; huỷ tour 70% gi&aacute; tour&nbsp;</span></p>\n<p><span style="color: #000000; font-size: medium; font-family: arial,helvetica,sans-serif;">- Trong v&ograve;ng 24h trước giờ khởi h&agrave;nh: ph&iacute; huỷ tour 100% gi&aacute; tour&nbsp;</span></p>\n<p><span style="color: #000000; font-size: medium; font-family: arial,helvetica,sans-serif;">Nếu C&ocirc;ng ty chậm trễ hoặc kh&ocirc;ng thực hiện được chương tr&igrave;nh tour theo đ&uacute;ng thời gian như đ&atilde; k&yacute; trong hợp đồng, C&ocirc;ng ty chịu tr&aacute;ch nhiệm ho&agrave;n trả lại to&agrave;n bộ số tiền kh&aacute;ch h&agrave;ng đ&atilde; ứng trước cho C&ocirc;ng ty v&agrave; chịu mọi thiệt hại đối với b&ecirc;n thứ ba: h&agrave;ng kh&ocirc;ng, kh&aacute;ch sạn, &hellip;&nbsp;</span></p>\n<ul>\n<li>\n<p><span style="color: #000000; font-size: medium; font-family: arial,helvetica,sans-serif;"><strong>Về Phương tiện vận      chuyển:</strong>&nbsp;</span></p>\n</li>\n</ul>\n<p><span style="color: #000000; font-size: medium; font-family: arial,helvetica,sans-serif;">&nbsp; Đường bộ&nbsp;</span></p>\n<p><span style="color: #000000; font-size: medium; font-family: arial,helvetica,sans-serif;">- Hủy trước ng&agrave;y khởi h&agrave;nh 02 ng&agrave;y: kh&ocirc;ng ph&iacute; huỷ&nbsp;</span></p>\n<p><span style="color: #000000; font-size: medium; font-family: arial,helvetica,sans-serif;">- Hủy trước ng&agrave;y khởi h&agrave;nh 01 ng&agrave;y: 30% ph&iacute; huỷ hoặc 100% ph&iacute; đặt cọc&nbsp;</span></p>\n<p><span style="color: #000000; font-size: medium; font-family: arial,helvetica,sans-serif;">- Hủy trong ng&agrave;y khởi: 50% ph&iacute; huỷ hoặc 100% ph&iacute; đặt cọc&nbsp;</span></p>\n<p><span style="color: #000000; font-size: medium; font-family: arial,helvetica,sans-serif;">&nbsp; Đường h&agrave;ng kh&ocirc;ng: Theo quy định của h&atilde;ng h&agrave;ng kh&ocirc;ng&nbsp;</span></p>', '3 NGÀY 2 ĐÊM', '1,600,000 VND / 1 người', 'Xe & Tàu Du Lịch', 'Đông Đảo - Nam Đảo - Câu cá , ngắm san hô'),
(11, 'vi', 'PHÚ QUỐC - CÂU CÁ & LẶN NGẮM SAN HÔ BẮC ĐẢO', NULL, '<p><span style="font-size: small;">Những ai đ&atilde; từng đến Ph&uacute; Quốc - Thi&ecirc;n Đường Của Biển, chắc hẳn sẽ kh&ocirc;ng qu&ecirc;n những gi&acirc;y ph&uacute;t tr&ecirc;n đại dương bao la, c&ugrave;ng ho&agrave; m&igrave;nh v&agrave;o l&agrave;n nước trong xanh, ngắm những rặng san h&ocirc; đầy m&agrave;u sắc được thi&ecirc;n nhi&ecirc;n ban tặng hay c&ugrave;ng với thuỷ thủ đo&agrave;n trải nghiệm cuộc sống của những ngư d&acirc;n tr&ecirc;n đảo. B&ecirc;n cạnh cảm gi&aacute;c th&uacute; vị khi c&acirc;u được những ch&uacute; c&aacute; m&uacute;, c&aacute; đỏ...đ&oacute; c&ograve;n l&agrave; những gi&acirc;y ph&uacute;t thanh b&igrave;nh, &ecirc;m ả b&ecirc;n những bờ c&aacute;t trắng c&ugrave;ng n&eacute;t hoang sơ vốn c&oacute;. Đến với Du Lịch H&agrave;nh Tr&igrave;nh Xanh - Green Cruise Tourism, sẽ l&agrave; những gi&acirc;y ph&uacute;t kh&ocirc;ng qu&ecirc;n m&agrave; Du Lịch H&agrave;nh Tr&igrave;nh Xanh sẽ gửi đến Du kh&aacute;ch...</span></p>', '<div>\n<div>\n<p style="background-color: #009900; height: 16px; padding: 3px 5px; color: #ffffff; font-weight: bold;"><span style="color: #0000ff; font-size: small;"><span style="color: #ffffff;">07h30</span><br /></span></p>\n<p style="text-align: justify;"><span style="background-color: #ffffff; font-size: small;">&nbsp;</span></p>\n<p style="text-align: justify;"><span style="font-size: small; font-family: times new roman,times; color: #000000;">Xe v&agrave; HDV <strong>Du Lịch H&agrave;nh Tr&igrave;nh Xanh</strong> sẽ đ&oacute;n du kh&aacute;ch tại Kh&aacute;ch Sạn sau đ&oacute; khởi h&agrave;nh đến bến t&agrave;u tại <strong>Cảng Dương Đ&ocirc;ng</strong>. Du kh&aacute;ch l&ecirc;n t&agrave;u, t&agrave;u sẽ đưa du kh&aacute;ch tham quan c&aacute;c h&ograve;n đảo. Tại đ&acirc;y du kh&aacute;ch sẽ được <strong>trang bị đồ c&acirc;u</strong> v&agrave; sẽ tự tay bắt những con c&aacute; dưới l&ograve;ng biển v&agrave; thưởng thức ch&uacute;ng tr&ecirc;n t&agrave;u, du kh&aacute;ch c&ograve;n được trang bị <strong>đồ bơi, k&iacute;nh lặn, ống thở, ch&acirc;n nh&aacute;i</strong>, h&ograve;a m&igrave;nh v&agrave;o d&ograve;ng nước trong xanh v&agrave; lặn ngắm những tảng san h&ocirc; đầy m&agrave;u sắc do thi&ecirc;n nhi&ecirc;n tạo ra v&agrave; nh&igrave;n nhừng đ&agrave;n c&aacute; tung tăng bơi lội dưới l&ograve;ng biển xanh trong. D&ugrave;ng cơm trưa tr&ecirc;n t&agrave;u với c&aacute;c m&oacute;n ngon từ hải sản. Sau đ&oacute; t&agrave;u cặp v&agrave;o bờ <strong>B&atilde;i D&agrave;i </strong>một b&atilde;i hoang sơ với biển xanh, c&aacute;t trắng (được BBC b&igrave;nh chọn l&agrave; 1 trong 10 b&atilde;i biển hoang sơ v&agrave; đẹp nhất thế giới). </span></p>\n<p>\n<p style="text-align: justify;"><span style="color: #0000ff; font-size: small;"><em><br /></em></span></p>\n</p>\n</div>\n</div>\n<div>\n<div>\n<p style="background-color: #009900; height: 16px; padding: 3px 5px; color: #ffffff; font-weight: bold;"><span style="color: #0000ff; font-size: small;"><span style="color: #ffffff;">16h00</span><br /></span></p>\n<p style="text-align: justify;"><span style="background-color: #ffffff; font-size: small;">.</span></p>\n<p style="text-align: justify;"><span style="font-size: small; font-family: times new roman,times; color: #000000;">T&agrave;u đưa du kh&aacute;ch về lại kh&aacute;ch sạn nghỉ ngơi. Du kh&aacute;ch tự do tắm biển, kh&aacute;m ph&aacute; Ph&uacute; quốc về đ&ecirc;m.</span></p>\n<div><span style="font-family: times new roman,times; font-size: medium;"><span style="color: #000000;"><strong>GI&Aacute; TOUR TRỌN G&Oacute;I( VNĐ/ KH&Aacute;CH )</strong></span> <span style="color: #000000;"><strong><br /></strong></span> <span style="color: #ff0000; background-color: #ffffff;"><strong>C&Agrave;NG Đ&Ocirc;NG - C&Agrave;NG RẺ. HẢY RỦ TH&Ecirc;M NHIỀU NGƯỜI ĐĂNG K&Iacute; NH&Eacute;</strong></span> <span style="color: #000000;"><strong><br /></strong></span> </span>\n<div>\n<table border="0" width="510" height="100">\n<tbody>\n<tr>\n<td><span style="font-size: medium; font-family: times new roman,times;"> <strong>Số lượng</strong> </span></td>\n<td><span style="font-size: medium; font-family: times new roman,times;"><strong>2-3 kh</strong></span></td>\n<td><span style="font-size: medium; font-family: times new roman,times;"><strong>4-6 kh</strong></span></td>\n<td><span style="font-size: medium; font-family: times new roman,times;"><strong>7-9 kh</strong></span></td>\n<td><span style="font-size: medium; font-family: times new roman,times;"><strong>10-12 kh</strong></span></td>\n<td><span style="font-size: medium; font-family: times new roman,times;"><strong>13-15 kh</strong></span></td>\n<td><span style="font-size: medium; font-family: times new roman,times;"><strong>&gt;15 kh</strong></span></td>\n</tr>\n<tr>\n<td><span style="font-size: medium; font-family: times new roman,times;"> <strong>Gi&aacute; tour</strong> </span></td>\n<td><span style="font-size: medium; font-family: times new roman,times;"><strong>1.165.000</strong></span></td>\n<td><span style="font-size: medium; font-family: times new roman,times;"><strong>610.000</strong></span></td>\n<td><span style="font-size: medium; font-family: times new roman,times;"><strong>450.000</strong></span></td>\n<td><span style="font-size: medium; font-family: times new roman,times;"><strong>350.000</strong></span></td>\n<td><span style="font-size: medium; font-family: times new roman,times;"><strong>310.000</strong></span></td>\n<td><span style="font-size: medium; font-family: times new roman,times;"><strong>280.000</strong></span></td>\n</tr>\n</tbody>\n</table>\n<table border="0" width="510" height="36">\n<tbody>\n<tr>\n<td style="text-align: left;"><span style="font-size: medium; background-color: #ffffff; color: #ff0000; font-family: times new roman,times;"><strong>TOUR KH&Aacute;CH LẺ GH&Eacute;P ĐO&Agrave;N KHỞI H&Agrave;NH HẰNG NG&Agrave;Y : 320.000/ KH&Aacute;CH</strong></span></td>\n</tr>\n</tbody>\n</table>\n<span style="font-size: medium; font-family: times new roman,times;"> <strong><span style="color: #ff0000;">ĐỐI VỚI C&Aacute;C ĐO&Agrave;N LỚN HƠN VUI L&Ograve;NG LI&Ecirc;N HỆ CH&Uacute;NG T&Ocirc;I ĐỂ ĐƯỢC GI&Aacute; HẤP DẨN</span></strong></span>\n<p><span style="font-size: small;"><strong><strong>Gi&aacute;        tr&ecirc;n bao gồm:</strong></strong><span style="color: #333333;"><br /> &bull; Xe &ocirc;t&ocirc; m&aacute;y lạnh tham quan        theo chương tr&igrave;nh.</span></span></p>\n<p><span style="font-size: small;"><span style="color: #333333;">&bull; T&agrave;u Du Lịch mới, đảm bảo an to&agrave;n tr&ecirc;n biển v&agrave; c&oacute; bảo hiểm</span></span><br /><span style="font-size: small;"><span style="color: #333333;"> &bull; Ăn 1 buổi trưa tr&ecirc;n t&agrave;u trị gi&aacute; 90.000 VND/ kh&aacute;ch/ bữa<br /> &bull; Hướng dẫn vi&ecirc;n nhiệt t&igrave;nh chu đ&aacute;o<br /> &bull; Nước kho&aacute;ng 2 chai/người/ng&agrave;y tham quan<br /> &bull; Ph&iacute; tham quan<br /> &bull; Bảo hiểm: mức bồi thường 20.000.000 VNĐ/kh&aacute;ch <br /> &bull; Gi&aacute; tr&ecirc;n kh&ocirc;ng &aacute;p dụng cho c&aacute;c ng&agrave;y lễ, tết v&agrave; cận lễ,        tết </span><strong> </strong></span></p>\n<p><span style="font-size: small;"><strong>Trẻ em:</strong></span><br /><span style="color: #333333; font-size: small;"> &bull; Trẻ em dưới 5 tuổi: Miễn ph&iacute;, ăn uống bố mẹ tự lo cho        b&eacute;<br /> &bull; Trẻ em từ 5- 11 tuổi: Gi&aacute; tour bằng &frac12; gi&aacute; người lớn<br /> &bull; Trẻ em từ 12 tuổi trở l&ecirc;n: Gi&aacute; tour như người lớn</span></p>\n<p><span style="font-size: small;"><strong><span style="color: #333333; background: none repeat scroll 0% 0% #ffffff;">Gi&aacute; tr&ecirc;n kh&ocirc;ng bao gồm:</span></strong> C&aacute;c chi ph&iacute; c&aacute; nh&acirc;n, mua sắm, ăn uống ngo&agrave;i chương tr&igrave;nh<span lang="VI">.</span></span></p>\n</div>\n</div>\n</div>\n</div>', '7h30', '320.000 VND / 1 người', 'Xe và Tàu Du Lịch', 'Cảng Dương Đông - Hòn Móng Tay - Hòn Đồi Mồi - Bãi Dài......'),
(11, 'en', 'SUNNY PARADISE - SNORKELING  & FISHING AT THE NORTH ISLAND', NULL, '<p><span style="font-size: small; font-family: arial,helvetica,sans-serif; color: #0000ff;"> We will stop three for snorkeling to enjoy seeing different coral reef kingdom, many kinds of fish in the sea .</span></p>', '<p><span style="font-size: small; font-family: arial,helvetica,sans-serif; color: #000000;"><span style="color: #ff0000;"><strong>8h00 AM</strong>: </span>Tour guides will pick visitors up at your hotel and drive to Duong Dong harbor by car</span></p>\n<p><span style="font-size: small; font-family: arial,helvetica,sans-serif; color: #000000;"><span style="color: #ff0000;"><strong>9h00 PM</strong>: </span>Get on the boat and Cruise around <strong>Turtle</strong> islands archipelago (Some islands).</span><br /><span style="font-size: small; font-family: arial,helvetica,sans-serif; color: #000000;"> We will stop three for snorkeling to enjoy seeing different coral reef kingdom, many kinds of fish in the sea .Then visit secluded beaches for sunbathing and swimming. Build up an appetite because we will provide on board a fresh sea food lunch with cold drink at paradise island. Spend some time fishing before we stop at <strong>Bai Dai Beach </strong>on our return journey.</span><br /><span style="font-size: small; font-family: arial,helvetica,sans-serif; color: #000000;"><span style="color: #ff0000;"> <strong>Approx 15h30 PM</strong>,</span> our car will take you back to your hotel / resort.</span><br /><span style="font-size: small; font-family: arial,helvetica,sans-serif; color: #000000;"> <strong><span style="color: #008000;">Price:</span> 20USD</strong> per person for a joining tour available everyday.</span></p>\n<p><span style="font-size: small; font-family: arial,helvetica,sans-serif; color: #000000;"><strong><span style="color: #008000;">Private Boat: </span>140USD for group from 2 - 7 pax, 165USD for group from 8 -11 pax</strong></span><br /><span style="font-size: small; font-family: arial,helvetica,sans-serif; color: #000000;"> If add one more person / 15USD, half or one day is the same price.</span><br /><span style="font-size: small; font-family: arial,helvetica,sans-serif; color: #000000;"> <strong>Includes</strong>: Car, boat, lunch, fresh fruit, mineral water, fishing and high quality snorkeling equipment</span></p>\n<p><span style="color: #0000ff; font-size: medium;"><em><strong><span style="font-family: arial,helvetica,sans-serif;">Special: BBQ on the boat</span></strong></em></span></p>', '7 hour', '20 USD / 1 person', 'Car- Cruiser', 'The North Island'),
(12, 'vi', 'PHÚ QUỐC - CÂU CÁ & LẶN NGẮM SAN HÔ NAM ĐẢO', NULL, '<p><span style="color: #008000; font-size: medium;">Tận hưỡng những gi&acirc;y ph&uacute;t sảng kho&aacute;i khi đ&iacute;ch th&acirc;n c&acirc;u được những ch&uacute; c&aacute; M&uacute;, C&aacute; Th&ugrave; L&ugrave;, C&aacute; Bống Ch&agrave;m.... Ngắm nh&igrave;n thi&ecirc;n nhi&ecirc;n dưới đ&aacute;y biển với những tảng san h&ocirc; , hải quỳ đầy m&agrave;u sắc.</span></p>', '<div>\n<div>\n<div style="text-align: justify;"><span style="color: #008000;"><span style="background-color: #ffffff;">&nbsp;</span><span style="font-size: medium;"><strong>08h00</strong> &nbsp;Xe v&agrave; HDV của <strong>Du Lịch H&agrave;nh Tr&igrave;nh Xanh</strong> đ&oacute;n qu&yacute; kh&aacute;ch tại Kh&aacute;ch sạn khởi h&agrave;nh đi c&acirc;u c&aacute;, lặn ngắm san h&ocirc; ph&iacute;a <strong>Nam Đảo</strong></span></span></div>\n</div>\n</div>\n<div>\n<div>\n<div style="text-align: justify;"><span style="background-color: #ffffff; color: #008000; font-size: medium;">&nbsp; </span>\n<p><span style="font-size: medium; color: #008000;">Khu nu&ocirc;i cấy ngọc trai của <strong>&Uacute;c</strong> <em>(ngọc trai ch&iacute;nh hiệu sản xuất tại ph&uacute; quốc).</em> Qu&yacute; kh&aacute;ch c&oacute; thể mua về l&agrave;m qu&agrave;</span></p>\n<p><span style="color: #008000; font-size: medium;">- Xe đưa Đo&agrave;n đến tham quan di t&iacute;ch lịch sử <strong>Nh&agrave; lao C&acirc;y Dừa. </strong>Nơi giam cầm 40 ng&agrave;n t&ugrave; binh thời ph&aacute;p thuộc</span></p>\n<p><span style="font-size: medium; color: #008000;"><strong>10h00:</strong> Đến Cảng An Thới, Du kh&aacute;ch l&ecirc;n t&agrave;u, t&agrave;u sẽ đưa du kh&aacute;ch tham quan c&aacute;c h&ograve;n đảo như <strong>H&ograve;n Dừa, H&ograve;n R&otilde;i, H&ograve;n Thơm</strong>. Tại đ&acirc;y du kh&aacute;ch sẽ được trang bị đồ c&acirc;u, trổ t&agrave;i bắt c&aacute; bằng những <strong><em>dụng cụ c&acirc;u c&aacute;</em></strong> của ngư d&acirc;n tr&ecirc;n đảo. <strong><em>D&ugrave;ng cơm trưa tr&ecirc;n t&agrave;u với c&aacute;c chiến lợi phẩm thu được.</em></strong> Du kh&aacute;ch c&ograve;n được trang bị <strong>đồ bơi,k&iacute;nh lặn, ống thở, ch&acirc;n nh&aacute;i</strong> h&ograve;a m&igrave;nh v&agrave;o d&ograve;ng nước trong xanh v&agrave; lặn ngắm những <strong>tảng san h&ocirc; đầy m&agrave;u sắc</strong> do thi&ecirc;n nhi&ecirc;n tạo ra v&agrave; nh&igrave;n nhừng đ&agrave;n c&aacute; bơi lội dưới l&ograve;ng biển xanh trong.</span></p>\n<p><span style="font-size: medium; color: #008000;"> <strong>14h30: </strong>T&agrave;u cập bờ, Du Kh&aacute;ch đến <strong>B&atilde;i Sao</strong> tự do tắm biển, chụp h&igrave;nh lưu niệm, tham gia c&aacute;c tr&ograve; chơi tr&ecirc;n biển (Chi ph&iacute; tự t&uacute;c).</span></p>\n<p><span style="font-size: medium; color: #008000;"><strong>16h30</strong> Về lại kh&aacute;ch sạn nghỉ ngơi, tự do tắm biển.</span></p>\n</div>\n</div>\n</div>\n<p>&nbsp;</p>\n<div>\n<div>\n<div style="text-align: center;"><span style="font-size: medium; color: #008000;"><strong>GI&Aacute; TOUR TRỌN G&Oacute;I( VNĐ/ KH&Aacute;CH )</strong></span></div>\n<div style="text-align: center;"><span style="font-size: medium; color: #000000;"><strong><br /></strong></span></div>\n<div style="text-align: center;"><span style="font-size: medium; color: #ff0000;"><strong>C&Agrave;NG Đ&Ocirc;NG - C&Agrave;NG RẺ. HẢY RỦ TH&Ecirc;M NHIỀU NGƯỜI ĐĂNG K&Iacute; NH&Eacute;</strong></span></div>\n<div style="text-align: center;"><span style="font-size: medium; color: #000000;"><strong><br /></strong></span></div>\n<div>\n<table border="0" width="510" height="100">\n<tbody>\n<tr>\n<td>\n<p><span style="font-size: medium;"><strong>Số lượng</strong></span></p>\n</td>\n<td><span style="font-size: medium;"><strong>2 kh</strong></span><br /></td>\n<td><span style="font-size: medium;"><strong>3-5 kh</strong></span></td>\n<td><span style="font-size: medium;"><strong>6-7 kh</strong></span></td>\n<td><span style="font-size: medium;"><strong>8-9 kh</strong></span></td>\n<td><span style="font-size: medium;"><strong>10-13 kh</strong></span></td>\n<td><span style="font-size: medium;"><strong>&gt;13 kh</strong></span></td>\n</tr>\n<tr>\n<td>\n<p><span style="font-size: medium;"><strong>Gi&aacute; tour</strong></span></p>\n</td>\n<td><span style="font-size: medium;"><strong>1.250.000</strong></span></td>\n<td><span style="font-size: medium;"><strong>820.000</strong></span></td>\n<td><span style="font-size: medium;"><strong>620.000</strong></span></td>\n<td><span style="font-size: medium;"><strong>410.000</strong></span></td>\n<td><span style="font-size: medium;"><strong>360.000</strong></span></td>\n<td><span style="font-size: medium;"><strong>300.000</strong></span></td>\n</tr>\n</tbody>\n</table>\n<table border="0" width="510" height="36">\n<tbody>\n<tr>\n<td style="text-align: left;"><span style="font-size: medium; background-color: #ffffff; color: #ff0000;"><strong>TOUR GH&Eacute;P KH&Aacute;CH KHỞI H&Agrave;NH HẰNG NG&Agrave;Y : 320.000/ KH&Aacute;CH</strong></span></td>\n</tr>\n</tbody>\n</table>\n<p><span style="font-size: medium;"><strong><span style="color: #ff0000;">ĐỐI VỚI C&Aacute;C ĐO&Agrave;N LỚN HƠN VUI L&Ograve;NG LI&Ecirc;N HỆ CH&Uacute;NG T&Ocirc;I ĐỂ ĐƯỢC GI&Aacute; HẤP DẨN</span></strong></span></p>\n<div><span style="font-size: medium; color: #008000;"><strong><strong>Gi&aacute;        tr&ecirc;n bao gồm:</strong></strong><br /> &bull; Xe &ocirc;t&ocirc; m&aacute;y lạnh tham quan        theo chương tr&igrave;nh.</span></div>\n<div><span style="font-size: medium; color: #008000;">&bull; T&agrave;u Du Lịch mới, đảm bảo an to&agrave;n tr&ecirc;n biển v&agrave; c&oacute; bảo hiểm</span><br /><span style="font-size: medium; color: #008000;"> &bull; Ăn 1 buổi trưa tr&ecirc;n t&agrave;u trị gi&aacute; 90.000 VND/ kh&aacute;ch/ bữa<br /> &bull; Hướng dẫn vi&ecirc;n nhiệt t&igrave;nh chu đ&aacute;o<br /> &bull; Nước kho&aacute;ng 2 chai/người/ng&agrave;y tham quan<br /> &bull; Ph&iacute; tham quan</span></div>\n<div><span style="color: #008000; font-size: medium;">&bull; Ch&acirc;n nh&aacute;i,k&iacute;nh lặn, ống thở ( sử dụng xong trả lại )<br />&bull; Bảo hiểm: mức bồi thường 20.000.000 VNĐ/kh&aacute;ch <br /> &bull; Gi&aacute; tr&ecirc;n kh&ocirc;ng &aacute;p dụng cho c&aacute;c ng&agrave;y lễ, tết v&agrave; cận lễ,        tết <strong> </strong></span></div>\n<div><span style="font-size: medium; color: #008000;"><strong>Trẻ em:</strong></span><br /><span style="color: #008000; font-size: medium;"> &bull; Trẻ em dưới 5 tuổi: Miễn ph&iacute;, ăn uống bố mẹ tự lo cho        b&eacute;<br /> &bull; Trẻ em từ 5- 11 tuổi: Gi&aacute; tour bằng &frac12; gi&aacute; người lớn<br /> &bull; Trẻ em từ 12 tuổi trở l&ecirc;n: Gi&aacute; tour như người lớn</span></div>\n<p><span style="font-size: medium; color: #008000;"><strong><span style="background: none repeat scroll 0% 0% #ffffff;">Gi&aacute; tr&ecirc;n kh&ocirc;ng bao gồm:</span></strong> C&aacute;c chi ph&iacute; c&aacute; nh&acirc;n, mua sắm, ăn uống ngo&agrave;i chương tr&igrave;nh<span lang="VI">.</span></span></p>\n</div>\n</div>\n</div>', '8h', '320.000 VND / 1 người', 'XE & TÀU DU LỊCH', 'Cơ sở sản xuất Ngọc Trai - An Thới - Hòn Dừa - Hòn Gõi - Hòn Thơm - Giếng Tiên - Nhà tù Phú Quốc - Bãi Sao.....'),
(12, 'en', 'PHU QUOC - SNORKELING  & FISHING AT THE SOUTH ISLAND', NULL, '<p><span style="font-size: small; color: #0000ff; font-family: arial,helvetica,sans-serif;">Have a great day out for snorkeling, fishing, eating and drinking with us !</span></p>', '<p><span style="font-size: small; font-family: arial,helvetica,sans-serif; color: #000000;"><span style="color: #ff0000;"><strong>8h00 AM</strong></span><strong></strong><strong>: </strong>We will collect you from hotel / resort and take you by car</span><br /><span style="font-size: small; font-family: arial,helvetica,sans-serif; color: #000000;"> to the south. On the way, we will visit the factory of Japanese pearl.</span><br /><span style="font-size: small; font-family: arial,helvetica,sans-serif; color: #000000;"><span style="color: #ff0000;"> <strong>10h00 PM</strong><strong>:</strong></span> We go aboard to An Thoi port, take a boat to cruise around</span><br /><span style="font-size: small; font-family: arial,helvetica,sans-serif; color: #000000;"> An Thoi archipelago (12 islands).</span><br /><span style="font-size: small; font-family: arial,helvetica,sans-serif; color: #000000;"> We will stop at 4 islands for you to explore the coral reef and fish.</span><br /><span style="font-size: small; font-family: arial,helvetica,sans-serif; color: #000000;"> After that you can go swimming and sunbathe at a secluded beach.</span><br /><span style="font-size: small; font-family: arial,helvetica,sans-serif; color: #000000;"> Seafood lunch will be served on the boat. After lunch, you can relax or go fishing again.</span><br /><span style="font-size: small; font-family: arial,helvetica,sans-serif; color: #000000;"><span style="color: #ff0000;"><strong> 15h00 PM:</strong></span> Visiting the Phu Quoc prison where imprisoned nearly 40 thousand political prisoners during Vietnam war against America by car.</span></p>\n<p><span style="font-size: small; font-family: arial,helvetica,sans-serif; color: #000000;"><span style="color: #ff0000;"><strong>15h45 PM</strong><strong>:</strong></span> Back to port passing beautiful <strong>Sao</strong><strong> Beach</strong><strong>.</strong></span><br /><span style="font-size: small; font-family: arial,helvetica,sans-serif; color: #000000;"> <strong>Approx 5.00 pm</strong>: our car will take you back to your hotel / resort.</span><br /><span style="font-size: small; font-family: arial,helvetica,sans-serif; color: #000000;"> <strong>Price: 18 USD</strong> per person for a join tour available everyday .</span><br /><span style="font-size: small; font-family: arial,helvetica,sans-serif; color: #000000;"> <strong>Private Boat: &nbsp;140 USD: for group from 2 - 7 pax, 165 USD: for group from 8 -11 pax. </strong>If add one more person / 15USD, half or one day is the same price.</span><br /><span style="font-size: small; font-family: arial,helvetica,sans-serif; color: #000000;"> <strong>Includes : </strong>Car transport , boat , lunch , fresh fruit , mineral water, Lemon Rhum, fishing and high quality of snorkeing equipment.</span></p>\n<p><em><span style="font-size: medium; color: #008000;"><strong><span style="font-family: arial,helvetica,sans-serif;">Special: BBQ on the boat</span></strong></span></em></p>', '7 hour', '18 USD / 1 person', 'Car- Cruiser', 'The South Island');
INSERT INTO `tour_lang` (`tour_id`, `lang`, `title`, `url`, `summary`, `content`, `time_tour`, `price`, `vehicle`, `destination`) VALUES
(15, 'vi', 'HOANG SƠ PHÚ QUỐC - KHÁM PHÁ BẮC ĐẢO', NULL, '<p><span style="font-size: small; font-family: arial,helvetica,sans-serif;">&nbsp;Bắc đảo Ph&uacute; Quốc l&agrave; v&ugrave;ng đất tr&ugrave; ph&uacute; với d&atilde;y rừng nguy&ecirc;n sinh v&agrave; hệ  động thực vật phong ph&uacute; c&ugrave;ng v&ocirc; số những b&atilde;i biển đẹp ẩn hiện sau những  c&aacute;nh rừng</span></p>', '<div><address style="background-color: #009900; height: 16px; padding: 3px 5px; color: #ffffff; font-weight: bold;"><span style="color: #000000; font-family: times new roman,times; font-size: medium;">08h30<br /></span></address> <address style="text-align: justify;"><span style="background-color: #ffffff; font-size: medium; font-family: times new roman,times; color: #000000;">&nbsp;</span></address> <address style="text-align: justify;">\n<p><span style="font-size: medium; font-family: times new roman,times; color: #000000;">Xe v&agrave; HDV của Du Lịch H&agrave;nh Tr&igrave;nh Xanh đưa du kh&aacute;ch tham quan vườn ti&ecirc;u<strong> Khu Tượng, </strong>t&igrave;m  hiểu phương ph&aacute;p trồng ti&ecirc;u truyền thống để tạo ra một loại ti&ecirc;u đặc  sản của người d&acirc;n xứ đảo. Du kh&aacute;ch c&oacute; thể mua ti&ecirc;u tại vườn. </span></p>\n</address></div>\n<address>\n<div style="background-color: #009900; height: 16px; padding: 3px 5px; color: #ffffff; font-weight: bold;"><span style="color: #000000; font-family: times new roman,times; font-size: medium;">09h30<br /></span></div>\n<div style="text-align: justify;"><span style="font-size: medium; font-family: times new roman,times; color: #000000;"><span style="background-color: #ffffff;">&nbsp;</span>&nbsp;</span></div>\n<div style="text-align: justify;"><span style="font-family: times new roman,times; font-size: medium; color: #000000;">Xe  đưa du kh&aacute;ch tham quan khu bảo tồn sinh th&aacute;i <strong>G&agrave;nh Dầu</strong>: Tản bộ v&agrave; kh&aacute;m  ph&aacute; rừng nguy&ecirc;n sinh. Tại <strong>Mũi G&agrave;nh Dầu</strong> du kh&aacute;ch c&oacute; thể ngắm <strong>hải giới  Campuchia</strong> v&agrave; trải nghiệm cuộc sống giản dị của ngư d&acirc;n địa phương,  thưởng thức hải sản tươi sống tại đ&acirc;y (chi ph&iacute; du kh&aacute;ch tự thanh to&aacute;n).</span></div>\n<div style="text-align: justify;"><span style="font-family: times new roman,times; font-size: medium; color: #000000;">Tham quan đền thờ vị <strong>anh h&ugrave;ng Nguyễn Trung Trực</strong><br /></span></div>\n</address> <address>\n<div style="background-color: #009900; height: 16px; padding: 3px 5px; color: #ffffff; font-weight: bold;"><span style="color: #000000; font-family: times new roman,times; font-size: medium;">11h<em>3</em>0<br /></span></div>\n<div style="text-align: justify;"><span style="background-color: #ffffff; font-size: medium; font-family: times new roman,times; color: #000000;">&nbsp;</span></div>\n<div style="text-align: justify;">\n<p><span style="font-family: times new roman,times; font-size: medium; color: #000000;">Sau  đ&oacute; xe đưa du kh&aacute;ch đến <strong>B&atilde;i D&agrave;i</strong>, ho&agrave; m&igrave;nh c&ugrave;ng biển v&agrave; c&aacute;t trắng của b&atilde;i  biển được BBC b&igrave;nh chọn l&agrave; 1 trong 10 b&atilde;i biển hoang sơ v&agrave; đẹp nhất thế  giới.</span></p>\n<p><span style="font-family: times new roman,times; font-size: medium; color: #000000;">D&ugrave;ng cơm trưa tại nh&agrave; h&agrave;ng Bi&ecirc;n Hải Qu&aacute;n , với những m&oacute;n ăn giản dị, tươi ngon gắn b&oacute; với người d&acirc;n Ph&uacute; Quốc từ l&acirc;u đời. B&ecirc;n cạnh đ&oacute; du kh&aacute;ch c&ograve;n được nghe đờn ca t&agrave;i tử của <strong>ngư d&acirc;n Hai Trang - &Uacute;t Tr&agrave; Đ&aacute;.</strong><br /></span></p>\n</div>\n<div>\n<div>\n<div style="background-color: #009900; height: 16px; padding: 3px 5px; color: #ffffff; font-weight: bold;"><span style="color: #000000; font-family: times new roman,times; font-size: medium;">14h00<br /></span></div>\n<div style="text-align: justify;"><span style="background-color: #ffffff; font-size: medium; font-family: times new roman,times; color: #000000;">&nbsp;</span></div>\n<p><span style="font-size: medium; font-family: times new roman,times; color: #000000;"><strong>&nbsp;</strong>Du kh&aacute;ch trở về <strong>thị trấn Dương Đ&ocirc;ng</strong>,<span style="background-color: #ffffff;">t</span>ham   quan <strong>Nh&agrave; th&ugrave;ng nước mắm</strong>, t&igrave;m hiểu phương ph&aacute;p ủ c&aacute; truyền thống để   tạo  ra hương vị đậm đ&agrave; của nước mắm Ph&uacute; Quốc nổi tiếng. Kh&aacute;ch c&oacute; thể   mua  nước mắm tại xưởng.</span></p>\n<p><span style="font-family: times new roman,times; font-size: medium; color: #000000;"> Tham quan thắng cảnh <strong>Dinh Cậu</strong>, một biểu tượng của ngư d&acirc;n tr&ecirc;n đảo v&agrave; tham quan cơ sở sản xuất <strong>Rượu Sim</strong> nổi tiếng Ph&uacute; Quốc.</span></p>\n<div>\n<div>\n<p style="background-color: #009900; height: 16px; padding: 3px 5px; color: #ffffff; font-weight: bold;"><span style="color: #000000; font-family: times new roman,times; font-size: medium;">16h00<br /></span></p>\n<p style="text-align: justify;"><span style="background-color: #ffffff; font-size: medium; font-family: times new roman,times; color: #000000;">&nbsp;</span></p>\n<div><span style="font-size: medium; font-family: times new roman,times; color: #000000;">Xe đưa du kh&aacute;ch trở về kh&aacute;ch sạn nghỉ ngơi v&agrave; tự do sinh hoạt.</span></div>\n<div style="text-align: center;"><span style="font-size: medium; font-family: times new roman,times; color: #000000;"><strong>GI&Aacute; TOUR TRỌN G&Oacute;I (Đvt : Đ/kh&aacute;ch)</strong></span></div>\n</div>\n</div>\n</div>\n</div>\n</address> <address><br /></address> \n<table border="0" width="511" height="23">\n<tbody>\n<tr>\n<td style="text-align: center;"><address><span style="font-size: medium; font-family: times new roman,times; color: #000000;"><strong>C&Agrave;NG Đ&Ocirc;NG - C&Agrave;NG RẺ. HẢY RỦ TH&Ecirc;M NHIỀU NGƯỜI ĐĂNG K&Iacute; NH&Eacute;</strong></span></address></td>\n</tr>\n</tbody>\n</table>\n<address> </address> \n<table border="0" width="514" height="80">\n<tbody>\n<tr>\n<td><address><span style="font-size: medium; font-family: times new roman,times; color: #000000;">Số lượng </span></address></td>\n<td><address><span style="font-size: medium; font-family: times new roman,times; color: #000000;">&nbsp;2 -3 pax</span></address></td>\n<td><address><span style="font-size: medium; font-family: times new roman,times; color: #000000;">4-5 pax</span></address></td>\n<td><address><span style="font-size: medium; font-family: times new roman,times; color: #000000;">&nbsp;6-7pax</span></address></td>\n<td><address><span style="font-size: medium; font-family: times new roman,times; color: #000000;">8-9pax </span></address></td>\n<td><address><span style="font-size: medium; font-family: times new roman,times; color: #000000;">10-13pax </span></address></td>\n<td><address><span style="font-size: medium; font-family: times new roman,times; color: #000000;">&gt; 13 pax</span></address></td>\n</tr>\n<tr>\n<td><address><span style="font-size: medium; font-family: times new roman,times; color: #000000;">&nbsp;Gi&aacute; tour</span></address></td>\n<td><address><span style="font-size: medium; font-family: times new roman,times; color: #000000;">&nbsp;750.000</span></address></td>\n<td><address><span style="font-size: medium; font-family: times new roman,times; color: #000000;">450.000 </span></address></td>\n<td><address><span style="font-size: medium; font-family: times new roman,times; color: #000000;">375.000 </span></address></td>\n<td><address><span style="font-size: medium; font-family: times new roman,times; color: #000000;">310.000 </span></address></td>\n<td><address><span style="font-size: medium; font-family: times new roman,times; color: #000000;">270.000 </span></address></td>\n<td><address><span style="font-size: medium; font-family: times new roman,times; color: #000000;">230.000 </span></address></td>\n</tr>\n</tbody>\n</table>\n<address>\n<div>\n<div>\n<div>\n<div>\n<div><span style="font-size: medium; font-family: times new roman,times; color: #000000;"> <strong><strong> Gi&aacute;        tr&ecirc;n bao gồm:</strong></strong><br /> &bull; Xe &ocirc;t&ocirc; m&aacute;y lạnh tham quan        theo chương tr&igrave;nh<br /> &bull; Ăn 1 buổi trưa trị gi&aacute; 100.000 VND/ kh&aacute;ch/ bữa<br /> &bull; Hướng dẫn vi&ecirc;n nhiệt t&igrave;nh chu đ&aacute;o<br /> &bull; Nước kho&aacute;ng 2 chai/người/ng&agrave;y tham quan<br /> &bull; Ph&iacute; tham quan ,thuế gi&aacute; trị gia tăng v&agrave; ph&iacute; phục vụ<br /> &bull; Bảo hiểm: mức bồi thường 10.000.000 VNĐ/kh&aacute;ch <br /> &bull; Gi&aacute; tr&ecirc;n kh&ocirc;ng &aacute;p dụng cho c&aacute;c ng&agrave;y lễ, tết v&agrave; cận lễ,        tết <strong> </strong></span></div>\n<div><span style="font-size: medium; font-family: times new roman,times; color: #000000;"><strong>Trẻ em:</strong></span><br /><span style="color: #000000; font-size: medium; font-family: times new roman,times;"> &bull; Trẻ em dưới 5 tuổi: Miễn ph&iacute;, ăn uống bố mẹ tự lo cho        b&eacute;<br /> &bull; Trẻ em từ 5- 11 tuổi: Gi&aacute; tour bằng &frac12; gi&aacute; người lớn<br /> &bull; Trẻ em từ 12 tuổi trở l&ecirc;n: Gi&aacute; tour như người lớn</span></div>\n<p><span style="font-size: medium; font-family: times new roman,times; color: #000000;"><strong><span style="background: none repeat scroll 0% 0% #ffffff;">Gi&aacute; tr&ecirc;n kh&ocirc;ng bao gồm:</span></strong> C&aacute;c chi ph&iacute; c&aacute; nh&acirc;n, mua sắm, ăn uống ngo&agrave;i chương tr&igrave;nh<span lang="VI">.</span></span></p>\n<table border="1" cellspacing="0" cellpadding="0" width="11" height="34">\n<caption><br /></caption> \n<tbody>\n<tr>\n<td width="213" valign="top"><br /></td>\n<td width="213" valign="top"><br /></td>\n<td width="213" valign="top"><br /></td>\n</tr>\n<tr>\n<td width="213" valign="top"><br /></td>\n<td width="213" valign="top"><br /></td>\n<td width="213" valign="top"></td>\n</tr>\n</tbody>\n</table>\n</div>\n</div>\n</div>\n</div>\n</address>', '08h30', '300.000/VND', 'Xe Du Lịch', 'Nhà thùng nước mắm-vườn tiêu Khu Tượng...'),
(16, 'vi', 'KHÁM PHÁ CHÂU ĐỐC                     (1 ngày)', NULL, '<p>cập nhật</p>', '<p>cập nhật</p>', '1 Day', '30 USD / 1 người', 'boat, car', 'Floating fish farm -Visit Cham minority village, the weavings shop-- Sam muontain and pagoda village, Cam Mountain, Tuc Dup hill'),
(16, 'en', 'AROUND CHAU DOC (1 DAY)', NULL, '<p><span style="font-family: arial,helvetica,sans-serif; font-size: small; color: #0000ff;">First we take a ride cruising to <strong>floating village</strong> (fish farm) and <strong>Cham minority village</strong> for visiting a weaving workshop of the colorful traditional wears (Sarong and towels).</span></p>', '<p style="text-align: justify;"><span style="font-family: arial,helvetica,sans-serif; font-size: small;">First we take a ride cruising to <strong>floating village</strong> (fish farm) and <strong>Cham minority village</strong> for visiting a weaving workshop of the colorful traditional wears (Sarong and towels).</span></p>\n<p style="text-align: justify;"><span style="font-family: arial,helvetica,sans-serif; font-size: small;">Back to Chau Doc for a visit to<strong> Chua Xu Lady''s temple</strong> and <strong>Cave pagoda</strong> at the foot of Sam&rsquo;s mountain.</span></p>\n<p style="text-align: justify;"><span style="font-family: arial,helvetica,sans-serif; font-size: small;">The next destination will be <strong>Cam mountain</strong>- the highest mountain in Mekong delta. On the way there, you can enjoy sightseeing the two rice fields along the road, or drop by for a short visit to a small <strong>Khmer village</strong>. Your mind will be cleaned by sightseeing nothing from the empty of the rice field and the sky!&nbsp; You will have a short walk up on the mountain side to see the daily life of mountain people.</span></p>\n<p style="text-align: justify;"><span style="font-family: arial,helvetica,sans-serif; font-size: small;">Have lunch on the way (on the guests&rsquo; budget).</span></p>\n<p style="text-align: justify;"><span style="font-family: arial,helvetica,sans-serif; font-size: small;"><strong>Tuc Dup </strong>(the two million dollar hill) is a bold strewn hill deep in the Mekong delta where between late 1968 and early 1969 against overwhelming odds. The defenders&nbsp; kept the full force of the&nbsp; American army at bay for 128 days&nbsp; of continuous bombardment, two million is said to be the cost of the firepower the American used in their vain attempt to capture this isolated stronghold.</span></p>\n<p style="text-align: justify;"><span style="font-family: arial,helvetica,sans-serif; font-size: small;">Explore freely around hidden caves interconnected by a labyrinth of natural tunnels and paths, under ground meeting rooms, hospital, living quarters, stores and command H.Q. (most fully restored).</span></p>\n<p style="text-align: justify;"><span style="font-family: arial,helvetica,sans-serif; font-size: small;">Back for <strong>Sam&rsquo;s mountain</strong> to admire the grand view of Mekong Delta from the top of Sam&rsquo;s mountain and the sunset on Cambodia side.</span></p>\n<p style="text-align: justify;"><span style="font-family: arial,helvetica,sans-serif; font-size: small;">End the tour at Chau Doc.</span></p>\n<p style="text-align: justify;">&nbsp;</p>\n<div style="text-align: justify;">\n<table border="1" cellspacing="0" cellpadding="0" width="443">\n<tbody>\n<tr>\n<td width="91">\n<p><span style="font-family: arial,helvetica,sans-serif; font-size: small;"><strong>NO.</strong></span></p>\n</td>\n<td width="176" valign="top">\n<p style="text-align: center;"><span style="font-family: arial,helvetica,sans-serif; font-size: small;"><strong>01 pax </strong>(Usd/ pax)</span></p>\n</td>\n<td width="176" valign="top">\n<p style="text-align: center;"><span style="font-family: arial,helvetica,sans-serif; font-size: small;"><strong>02 pax </strong>(Usd/ pax)<strong>&nbsp;</strong></span></p>\n</td>\n</tr>\n<tr>\n<td width="91">\n<p><span style="font-family: arial,helvetica,sans-serif; font-size: small;"><strong>PRICE<br /> <em>(by Motor)</em></strong></span></p>\n</td>\n<td width="176" valign="top">\n<p style="text-align: center;"><span style="font-family: arial,helvetica,sans-serif; font-size: small;"><strong>$30</strong><strong>&nbsp;</strong></span></p>\n</td>\n<td width="176" valign="top">\n<p style="text-align: center;"><span style="font-family: arial,helvetica,sans-serif; font-size: small;"><strong>$25</strong><strong>&nbsp;</strong></span></p>\n</td>\n</tr>\n<tr>\n<td width="91">\n<p style="text-align: left;"><span style="font-family: arial,helvetica,sans-serif; font-size: small;"><strong>PRICE<br /> <em>(by Car)</em></strong></span></p>\n</td>\n<td width="176" valign="top">\n<p style="text-align: center;"><span style="font-family: arial,helvetica,sans-serif; font-size: small;"><strong>$55</strong><strong>&nbsp;</strong></span></p>\n</td>\n<td width="176" valign="top">\n<p style="text-align: center;"><span style="font-family: arial,helvetica,sans-serif; font-size: small;"><strong>$35</strong><strong>&nbsp;</strong></span></p>\n</td>\n</tr>\n</tbody>\n</table>\n</div>\n<p style="text-align: justify;"><span style="font-family: arial,helvetica,sans-serif; font-size: small;"><strong>&nbsp;</strong></span></p>\n<table border="1" cellspacing="0" cellpadding="0">\n<tbody>\n<tr>\n<td width="310" valign="top">\n<p><span style="font-family: arial,helvetica,sans-serif; font-size: small;"><strong>All program Tour service Includes:</strong></span></p>\n</td>\n<td width="310" valign="top">\n<p><span style="font-family: arial,helvetica,sans-serif; font-size: small;"><strong>All   program Tour service Not Includes:</strong></span></p>\n</td>\n</tr>\n<tr>\n<td width="310" valign="top">\n<p><span style="font-family: arial,helvetica,sans-serif; font-size: small;">- English Speaking guide</span></p>\n<p><span style="font-family: arial,helvetica,sans-serif; font-size: small;">- Admission fee to indicted sights</span></p>\n<p><span style="font-family: arial,helvetica,sans-serif; font-size: small;">- Boat trip as stated in above sights</span></p>\n<p><span style="font-family: arial,helvetica,sans-serif; font-size: small;">- All transfers<strong>&nbsp;</strong></span></p>\n</td>\n<td width="310">\n<p><span style="font-family: arial,helvetica,sans-serif; font-size: small;">- Meals &amp; drinks</span></p>\n<p><span style="font-family: arial,helvetica,sans-serif; font-size: small;">- Personal expense and others not stated</span></p>\n<p><span style="font-family: arial,helvetica,sans-serif; font-size: small;">- Bike to the peak to Sam&rsquo;s mountain.<strong>&nbsp;</strong></span></p>\n</td>\n</tr>\n</tbody>\n</table>', '1 day', '30 USD / 1 person', 'Boat, car', 'Floating fish farm -Visit Cham minority village, the weavings shop-- Sam muontain and pagoda village, Cam Mountain, Tuc Dup hill'),
(15, 'en', 'Uninhabited Phu Quoc - Discover the North Island', NULL, '<p>Those who''ve been to Phu Quoc - paradise of sea, certainly will not  forget the moments on the ocean, the same mix blue water, watching the  colorful coral reefs are blessed or along with the crew to experience  the lives of fishermen on the island. Besides the fun when the sentence  was the uncle of grouper, red fish ... it was a peaceful moment, a quiet  inside the white sandy beach with pristine inherent definition. Travel  Journey to Green - Green Cruise Tourism, will never forget those moments  that Green Journey Travel will send tourists ...</p>', '<div>\n<div>\n<div style="background-color: #009900; height: 16px; padding: 3px 5px; color: #ffffff; font-weight: bold;"><span style="color: #0000ff; font-family: tahoma,arial,helvetica,sans-serif;"><span style="font-size: small; color: #ffffff;">07h30</span><br /></span></div>\n<div style="text-align: justify;"><span style="background-color: #ffffff; font-size: xx-small; font-family: tahoma,arial,helvetica,sans-serif;">&nbsp;</span></div>\n<div style="text-align: justify;">\n<p>Vehicles and tour guides taking tourists visiting the barrel of fish  sauce, fish learn traditional brewing methods to create the flavor of  Phu Quoc fish sauce is famous. Guests can buy fish sauce in the shop.</p>\n</div>\n<div>\n<p style="text-align: justify;"><span style="font-size: small; font-family: tahoma,arial,helvetica,sans-serif; color: #0000ff;"><em><br /></em></span></p>\n</div>\n</div>\n</div>\n<div>\n<div>\n<div style="background-color: #009900; height: 16px; padding: 3px 5px; color: #ffffff; font-weight: bold;"><span style="color: #0000ff; font-family: tahoma,arial,helvetica,sans-serif;"><span style="font-size: small; color: #ffffff;">8h30</span><br /></span></div>\n<div style="text-align: justify;"><span style="background-color: #ffffff; font-size: xx-small; font-family: tahoma,arial,helvetica,sans-serif;">&nbsp;</span></div>\n<div style="text-align: justify;">\n<p>The statue garden tour, learn the traditional methods of pepper to  create a special category of targets in the island. Guests can purchase  targets in the garden.</p>\n</div>\n<div>\n<p style="text-align: justify;"><span style="font-size: small; font-family: tahoma,arial,helvetica,sans-serif; color: #0000ff;"><em><br /></em></span></p>\n</div>\n</div>\n</div>\n<div>\n<div>\n<div style="background-color: #009900; height: 16px; padding: 3px 5px; color: #ffffff; font-weight: bold;"><span style="color: #0000ff; font-family: tahoma,arial,helvetica,sans-serif;"><span style="font-size: small; color: #ffffff;">10h00</span><br /></span></div>\n<div style="text-align: justify;"><span style="background-color: #ffffff; font-size: xx-small; font-family: tahoma,arial,helvetica,sans-serif;">&nbsp;</span></div>\n<div style="text-align: justify;">\n<p>Car to the visitors section of the ecological reserve Oil: Hiking and  exploring primeval forest. The nose section of oil in visitors can watch  sea border of Cambodia and simple life experience of local fishermen,  enjoy fresh seafood here (self expense tourists pay).</p>\n</div>\n<div>\n<p style="text-align: justify;"><span style="font-size: small; font-family: tahoma,arial,helvetica,sans-serif; color: #0000ff;"><em><br /></em></span></p>\n</div>\n</div>\n</div>\n<div>\n<div>\n<div style="background-color: #009900; height: 16px; padding: 3px 5px; color: #ffffff; font-weight: bold;"><span style="color: #0000ff; font-family: tahoma,arial,helvetica,sans-serif;"><span style="font-size: small; color: #ffffff;">12h00</span><br /></span></div>\n<div style="text-align: justify;"><span style="background-color: #ffffff; font-size: xx-small; font-family: tahoma,arial,helvetica,sans-serif;">&nbsp;</span></div>\n<p>Then the car takes visitors to beaches, Surround yourself with ocean and  white sand beaches of the BBC in 10 votes is a wild and beautiful  beaches in the world.</p>\n<div>\n<p style="text-align: justify;"><span style="font-size: small; font-family: tahoma,arial,helvetica,sans-serif; color: #0000ff;"><em><br /></em></span></p>\n</div>\n<div>\n<div>\n<div style="background-color: #009900; height: 16px; padding: 3px 5px; color: #ffffff; font-weight: bold;"><span style="color: #0000ff; font-family: tahoma,arial,helvetica,sans-serif;"><span style="font-size: small; color: #ffffff;">14h00</span><br /></span></div>\n<div style="text-align: justify;"><span style="background-color: #ffffff; font-size: xx-small; font-family: tahoma,arial,helvetica,sans-serif;">&nbsp;</span></div>\n<p>Travelers returning to the town of Duong Dong, sightseeing Dinh Cau, a  symbol of the fishermen on the island and visit the wine production  facilities sim famous Phu Quoc.</p>\n<div>\n<p style="text-align: justify;"><span style="font-size: small; font-family: tahoma,arial,helvetica,sans-serif; color: #0000ff;"><em><br /></em></span></p>\n</div>\n<div>\n<div>\n<div style="background-color: #009900; height: 16px; padding: 3px 5px; color: #ffffff; font-weight: bold;"><span style="color: #0000ff; font-family: tahoma,arial,helvetica,sans-serif;"><span style="font-size: small; color: #ffffff;">15h00</span><br /></span></div>\n<div style="text-align: justify;"><span style="background-color: #ffffff; font-size: xx-small; font-family: tahoma,arial,helvetica,sans-serif;">&nbsp;</span></div>\n<p>Vehicles bring tourists back to the hotel to rest and free activities.</p>\n</div>\n</div>\n</div>\n</div>\n</div>\n</div>', '7h30', '100 USD / 1 person', 'Car Tours, High Speed Vessel', 'Barrel house Khu Tuong pepper sauce'),
(17, 'vi', 'CHÂU ĐỐC CAMBODIA', NULL, '<p>updating...</p>', '<p>updating...</p>', '3 ngày 2 đêm', '300 USD / 1 người', 'Boat, Bus...', 'Chau Doc – Phnom Penh- Angkor – Chau Doc'),
(17, 'en', 'ANGKOR WAT RUINS            (3 days - 2 nights)', NULL, '<p><span style="color: #0000ff; font-size: small; font-family: arial,helvetica,sans-serif;">Sightseeing around the Angkor town</span></p>\n<p><span style="color: #0000ff; font-size: small; font-family: arial,helvetica,sans-serif;">Visit the Ankor Temple area</span></p>\n<p><span style="color: #0000ff; font-size: small; font-family: arial,helvetica,sans-serif;">Shopping at the Old Market, Central Market</span></p>', '<div>\n<div>\n<div style="background-color: #009900; height: 16px; padding: 3px 5px; color: #ffffff; font-weight: bold;"><span style="font-family: tahoma,arial,helvetica,sans-serif; font-size: small;"><strong><span style="text-decoration: underline;">DAY 1</span></strong>: <strong>CHAU DOC &ndash;&nbsp; PHNOM PENH - SIEM REAP</strong></span><span style="color: #0000ff; font-family: arial,helvetica,sans-serif;"><span style="font-size: small; color: #ffffff; font-family: tahoma,arial,helvetica,sans-serif;">&nbsp;</span><br /></span></div>\n<div style="text-align: justify;"><span style="background-color: #ffffff; font-size: xx-small; font-family: arial,helvetica,sans-serif;">&nbsp;</span></div>\n<div style="text-align: justify;"><span style="font-size: small; line-height: 120%; font-family: arial,helvetica,sans-serif;">Pick up for Express boat to <strong>Phnom Penh</strong> transfer to VIP bus to <strong>Siem Reap</strong>. Pick up and check in on arrival. Have free evening to explore the town of <strong>Angkor Wat</strong>.</span></div>\n<div style="text-align: justify;"><span style="font-size: small; line-height: 120%; font-family: arial,helvetica,sans-serif;">Have dinner. Free at leisure and overnight.</span></div>\n<div style="text-align: justify;"><span style="font-size: small; line-height: 120%; font-family: arial,helvetica,sans-serif;"><br /></span></div>\n</div>\n</div>\n<div>\n<div>\n<div style="background-color: #009900; height: 16px; padding: 3px 5px; color: #ffffff; font-weight: bold;"><span style="font-family: tahoma,arial,helvetica,sans-serif; font-size: small;"><strong><span style="text-decoration: underline;">DAY 2</span>: ANGKOR RUINS</strong></span><span style="color: #0000ff; font-family: arial,helvetica,sans-serif;"><span style="font-size: small; color: #ffffff; font-family: tahoma,arial,helvetica,sans-serif;">&nbsp;</span><br /></span></div>\n<div style="text-align: justify;"><span style="background-color: #ffffff; font-size: xx-small; font-family: arial,helvetica,sans-serif;">&nbsp;</span></div>\n<div style="text-align: justify;">\n<p><span style="font-family: arial,helvetica,sans-serif; font-size: small;"><strong>&nbsp;</strong>Early morning, view sunrise at Angkor Wat. Transfer to hotel for breakfast. The same morning visit <strong>South Gate</strong> <strong>of Angkor Thom</strong>, <strong>Bayon, Baphoun, Terrace of the Elephants, Terrace of the Leper King. </strong></span></p>\n<p><span style="font-family: arial,helvetica,sans-serif; font-size: small;">Afternoon, visit <strong>Grand Circuit </strong>including <strong>Pre Rup, East Mebon, Ta Som, Neak Pean, Preah Khan, Baksei Chamkrong and South Gate of Angkor Thom</strong>.</span></p>\n<p><span style="font-family: arial,helvetica,sans-serif; font-size: small;">Have dinner and overnight at Siem Reap.</span></p>\n<p><span style="font-family: arial,helvetica,sans-serif; font-size: small;">Free at leisure and overnight!</span></p>\n</div>\n</div>\n</div>\n<div>\n<div>\n<div style="background-color: #009900; height: 16px; padding: 3px 5px; color: #ffffff; font-weight: bold;"><span style="font-family: arial,helvetica,sans-serif; font-size: small; color: #ffffff;"><span style="text-decoration: underline;"><span style="line-height: 115%;">DAY 3</span></span><span style="line-height: 115%;">: SIEM REAP &ndash; CHAU DOC</span></span><span style="color: #0000ff; font-family: arial,helvetica,sans-serif;">&nbsp;</span></div>\n<div style="text-align: justify;"><span style="background-color: #ffffff; font-size: xx-small; font-family: arial,helvetica,sans-serif;">&nbsp;</span></div>\n<p class="MsoNormal" style="line-height: normal;"><span style="font-family: arial,helvetica,sans-serif; font-size: small;">After breakfast, transfer for boat to <strong>Phnom Penh.</strong> Nice view of <strong>Tonle Sap Lake </strong>on the way. Arrive Phnom Penh International Port at 12:00 ish, have lunch and then head to <strong>Tinh Bien border.</strong> Say goodbye to the Kingdom of Cambodia, pick up and transfer to <strong>Chau Doc.</strong></span></p>\n<p class="MsoNormal" style="line-height: normal;"><span style="font-family: arial,helvetica,sans-serif; font-size: small;">Ends tour!</span></p>\n<p class="MsoNormal" style="line-height: normal;"><span style="font-family: arial,helvetica,sans-serif; font-size: small;"><strong>Join-in Tour Price: 204 USD /person; Single up: 35 USD</strong></span></p>\n<p class="MsoNormal" style="line-height: normal;"><span style="font-family: arial,helvetica,sans-serif; color: #ff0000; font-size: small;"><strong><em>All program Tour service Includes: </em></strong></span></p>\n<ul type="disc">\n<li class="MsoNormal" style="line-height: normal;"><span style="font-family: arial,helvetica,sans-serif; font-size: small;">Accommodation      in twin sharing room + ABF</span></li>\n<li class="MsoNormal" style="line-height: normal;"><span style="font-family: arial,helvetica,sans-serif; font-size: small;">VIP Bus      tickets, Boat tickets,</span></li>\n<li class="MsoNormal" style="line-height: normal;"><span style="font-family: arial,helvetica,sans-serif; font-size: small;">Private      air condition Van , Mini Bus at the destinations</span></li>\n<li class="MsoNormal" style="line-height: normal;"><span style="font-family: arial,helvetica,sans-serif; font-size: small;">English      Speaking guide at the destionations</span></li>\n<li class="MsoNormal" style="line-height: normal;"><span style="font-family: arial,helvetica,sans-serif; font-size: small;">Admission      fee to indicted sights</span></li>\n<li class="MsoNormal" style="line-height: normal;"><span style="font-family: arial,helvetica,sans-serif; font-size: small;">Meals as      stated</span></li>\n</ul>\n<p class="MsoNormal" style="line-height: normal;"><span style="font-family: arial,helvetica,sans-serif; color: #ff0000; font-size: small;"><strong><em>All program Tour service Not Includes:</em></strong></span></p>\n<ul type="disc">\n<li class="MsoNormal" style="line-height: normal;"><span style="font-family: arial,helvetica,sans-serif; font-size: small;">Meals</span></li>\n<li class="MsoNormal" style="line-height: normal;"><span style="font-family: arial,helvetica,sans-serif; font-size: small;">Visa on      arrival 25 USD / person</span></li>\n<li class="MsoNormal" style="line-height: normal;"><span style="font-family: arial,helvetica,sans-serif; font-size: small;">Re-entry      Visa to Vietnam</span></li>\n<li class="MsoNormal" style="line-height: normal;"><span style="font-family: arial,helvetica,sans-serif; font-size: small;">Personal      expense and others not stated</span></li>\n</ul>\n</div>\n</div>\n<div id="_mcePaste" class="mcePaste" style="position: absolute; left: -10000px; top: 228px; width: 1px; height: 1px; overflow: hidden;">\n<p class="MsoNormal" style="line-height: normal;"><strong><span style="text-decoration: underline;"><span style="font-size: 12pt;">DAY 3</span></span></strong><strong><span style="font-size: 12pt;">: SIEM REAP &ndash; CHAU DOC</span></strong></p>\n</div>', '3 days/ 2 nights', '300 USD / 1 person', 'Boat, bus...', 'Chau Doc – Phnom Penh- Angkor – Chau Doc'),
(21, 'vi', 'HÀNH TRÌNH ĐẾN PHÚ QUỐC (3N2Đ)', NULL, '<address><span style="font-size: medium; font-family: times new roman,times;">Những ai đ&atilde; từng đến Ph&uacute; Quốc - Thi&ecirc;n Đường Của Biển, chắc hẳn sẽ kh&ocirc;ng    qu&ecirc;n những gi&acirc;y ph&uacute;t tr&ecirc;n đại dương bao la, c&ugrave;ng ho&agrave; m&igrave;nh v&agrave;o l&agrave;n nước    trong xanh, ngắm những rặng san h&ocirc; đầy m&agrave;u sắc được thi&ecirc;n nhi&ecirc;n ban   tặng  hay c&ugrave;ng với thuỷ thủ đo&agrave;n trải nghiệm cuộc sống của những ngư d&acirc;n   tr&ecirc;n  đảo. B&ecirc;n cạnh cảm gi&aacute;c th&uacute; vị khi c&acirc;u được những ch&uacute; c&aacute; m&uacute;, c&aacute;   đỏ...đ&oacute;  c&ograve;n l&agrave; những gi&acirc;y ph&uacute;t thanh b&igrave;nh, &ecirc;m ả b&ecirc;n những bờ c&aacute;t trắng   c&ugrave;ng n&eacute;t  hoang sơ vốn c&oacute;. <br /></span></address>', '<address style="background-color: #009900; height: 16px; padding: 3px 5px; color: #ffffff; font-weight: bold;"><span style="font-size: medium; font-family: times new roman,times;"><span style="color: #0000ff;"><span style="color: #ffffff;">Ngày 1 : </span></span><strong>Biển Xanh C&aacute;t Trắng</strong><span style="color: #0000ff;"><span style="color: #ffffff;">&nbsp;</span><br /></span></span></address> <address style="text-align: justify;"><span style="background-color: #ffffff; font-size: medium; font-family: times new roman,times;"><br /></span></address> <address><span style="font-size: medium; font-family: times new roman,times;">Xe v&agrave; HDV Cty đ&oacute;n đo&agrave;n tại điểm hẹn,&nbsp;du kh&aacute;ch&nbsp;về nh&agrave; h&agrave;ng d&ugrave;ng cơm trưa, sau đ&oacute; xe đưa đo&agrave;n về kh&aacute;ch sạn nhận ph&ograve;ng nghỉ ngơi.</span></address> <address><span style="font-size: medium; font-family: times new roman,times;"><span style="color: #008000;"><strong>14h00:</strong></span> Xe đưa đo&agrave;n tham quan Đ&ocirc;ng đảo, viếng ch&ugrave;a  H&ugrave;ng Long Tự (c&ograve;n&nbsp; gọi l&agrave;  Am&nbsp; Sư Mu&ocirc;n, ng&ocirc;i ch&ugrave;a &nbsp;được x&acirc;y dựng nằm tr&ecirc;n  đỉnh n&uacute;i cao men theo  triền n&uacute;i, do hội Việt kiều &Uacute;c&nbsp; c&ocirc;ng đức, đến  L&agrave;ng Ch&agrave;i H&agrave;m Ninh một  trong những l&agrave;ng ch&agrave;i cổ nhất tại Việt Nam, đo&agrave;n  sẽ tham quan v&agrave; mua  sắm đặc sản tươi sống tại đ&acirc;y như: Hải M&atilde;, Hải Long,  T&ocirc;m T&iacute;ch, Ghẹ....</span></address> <address><span style="font-size: medium; font-family: times new roman,times;">Tr&ecirc;n đường đi du kh&aacute;ch được nghe giới thiệu về c&aacute;c địa danh nổi tiếng   ở đ&acirc;y. Tham quan Suối Tranh leo n&uacute;i, d&atilde; ngoại. (Từ th&aacute;ng 05 - 10 tắm   suối c&oacute; th&aacute;c đổ, chinh phục th&aacute;c Tranh).</span></address> <address><span style="font-size: medium; font-family: times new roman,times;"><span style="color: #008000;"><strong>16h00:</strong></span> Xe đưa đo&agrave;n về nh&agrave; h&agrave;ng d&ugrave;ng cơm chiều, nghỉ ngơi, tự do kh&aacute;m ph&aacute; Ph&uacute; Quốc về đ&ecirc;m (<em>thưởng thức hải sản tại chợ đ&ecirc;m Ph&uacute; Quốc).</em></span></address> <address style="background-color: #009900; height: 16px; padding: 3px 5px; color: #ffffff; font-weight: bold;"><span style="font-size: medium; font-family: times new roman,times;"><span style="color: #0000ff;"><span style="color: #ffffff;">Ngày 2 : </span></span><strong>Tham quan Nam Đảo</strong><span style="color: #0000ff;"><span style="color: #ffffff;">&nbsp;</span><br /></span></span></address> <address style="text-align: justify;"><span style="background-color: #ffffff; font-size: medium; font-family: times new roman,times;"><br /></span></address> <address><span style="font-size: medium; font-family: times new roman,times;"><span style="color: #008000;"><strong>8h30:</strong></span> Đ&oacute;n du kh&aacute;ch tại kh&aacute;ch sạn. Khởi h&agrave;nh đi tham  quan Nam Đảo, tham quan  trại nu&ocirc;i cấy Ngọc Trai, nơi sản xuất những vi&ecirc;n  ngọc tự nhi&ecirc;n. Du  kh&aacute;ch sẽ được giới thiệu&nbsp; c&aacute;ch&nbsp; nu&ocirc;i cấy v&agrave; lấy ngọc,  kh&ocirc;ng g&igrave; th&uacute; vị  hơn, tại đ&acirc;y du kh&aacute;ch c&oacute; thể tự tay chọn mua những vi&ecirc;n  ngọc ưng &yacute; nhất  l&agrave;m qu&agrave; cho người th&acirc;n v&agrave; gia đ&igrave;nh</span></address> <address><span style="font-size: medium; font-family: times new roman,times;">Tiếp tục h&agrave;nh tr&igrave;nh, di t&iacute;ch lịch sử Nh&agrave; lao C&acirc;y Dừa - nơi giam cầm   khoảng 40 ng&agrave;n t&ugrave; binh ch&iacute;nh trị của chế độ h&agrave; khắc thời Mỹ &amp; Ph&aacute;p   thuộc, xe đưa du kh&aacute;ch đến B&atilde;i Sao tham quan nghỉ ngơi, tham gia c&aacute;c tr&ograve;   chơi tr&ecirc;n biển (chi ph&iacute; tự t&uacute;c) tại một trong b&atilde;i biển đẹp nhất ph&uacute;   quốc, được b&igrave;nh chọn b&atilde;i biển nằm trong top ten của Ch&acirc;u &Aacute;.</span></address> <address><span style="font-size: medium; font-family: times new roman,times;">Tham quan vườn ti&ecirc;u v&agrave;&nbsp; nh&agrave; th&ugrave;ng nước mắm, cơ sở rượu sim, một trong những ng&agrave;nh&nbsp;nghề đặc trưng nhất tại Huyện đảo Ph&uacute; Quốc</span></address> <address><span style="font-size: medium; font-family: times new roman,times;">Trở về thị trấn Dương Đ&ocirc;ng, đo&agrave;n tham quan v&agrave; mua sắm tại chợ Dương   Đ&ocirc;ng, tham quan Dinh Cậu, du kh&aacute;ch c&oacute; thể &nbsp;ngắm nh&igrave;n Ho&agrave;ng h&ocirc;n tr&ecirc;n biển   v&agrave; những con thuyền ra khơi đ&aacute;nh c&aacute;, nghe truyền thuyết về Dinh Cậu.</span></address> <address><span style="font-size: medium; font-family: times new roman,times;"><span style="color: #008000;"><strong>17h00: </strong></span>&nbsp;Xe đưa đo&agrave;n về kh&aacute;ch sạn nghỉ ngơi. D&ugrave;ng cơm tối v&agrave; tự do sinh hoạt.</span></address> <address><span style="color: #ff0000; font-size: medium; font-family: times new roman,times;"><strong>Chương tr&igrave;nh đi k&egrave;m: </strong></span></address> <address><span style="font-size: medium; font-family: times new roman,times;"><span style="color: #008000;"><strong><em>17h30:</em></strong></span><em> xe v&agrave; HDV đưa du kh&aacute;ch l&ecirc;n t&agrave;u  v&agrave; ra khơi. Ở đ&acirc;y du kh&aacute;ch sẽ trải  nghiệm những gi&acirc;y ph&uacute;t thư gi&atilde;n với&nbsp;  cảnh ho&agrave;ng h&ocirc;n tuyệt đẹp v&agrave; huyền  ảo đầy th&uacute; vị, Du kh&aacute;ch c&ugrave;ng thủy thủ  đo&agrave;n trổ t&agrave;i c&acirc;u mực. Sẽ kh&ocirc;ng g&igrave;  bằng khi ch&iacute;nh tay bạn c&acirc;u được những  con mực đang săn mồi dưới biển  hay vớt được những ch&uacute; c&aacute; kiếm, c&aacute; xanh  xương đang nổi m&igrave;nh tr&ecirc;n mặt  biển v&agrave; c&ugrave;ng trải nghiệm cảm gi&aacute;c ra khơi  như c&aacute;c ngư d&acirc;n tr&ecirc;n đảo.  Chiến lợi phẩm sẽ được phục vụ ngay tr&ecirc;n t&agrave;u.</em></span></address> <address><span style="font-size: medium; font-family: times new roman,times;"><span style="color: #008000;"><strong><em>21h00: </em></strong></span><em>K</em><em>ết th&uacute;c chuyến c&acirc;u mực đ&ecirc;m, xe đưa du kh&aacute;ch về kh&aacute;ch sạn nghỉ ngơi.<strong>Chi ph&iacute; tự t&uacute;c (300.000/người). Chương tr&igrave;nh sẽ do du kh&aacute;ch ấn định thời điểm.</strong></em></span></address> <address><br /></address> <address style="background-color: #009900; height: 16px; padding: 3px 5px; color: #ffffff; font-weight: bold;"><span style="font-size: medium; font-family: times new roman,times;"><span style="color: #0000ff;"><span style="color: #ffffff;">Ngày 3 :Tiễn Kh&aacute;ch</span></span><span style="color: #0000ff;"><span style="color: #ffffff;">&nbsp;</span><br /></span></span></address> <address style="text-align: justify;"><span style="background-color: #ffffff; font-size: medium; font-family: times new roman,times;"><br /></span></address> <address><span style="font-size: medium; font-family: times new roman,times;">Nghỉ ngơi tại kh&aacute;ch sạn, tự do tắm biển hay mua sắm tại trung t&acirc;m thị   trấn Dương Đ&ocirc;ng, tiễn kh&aacute;ch ra s&acirc;n bay Ph&uacute; Quốc. Kết th&uacute;c chuyến tham   quan, tạm biệt v&agrave; hẹn gặp lại.</span></address> <address><span style="color: #ff0000; font-size: medium; font-family: times new roman,times;"><strong><em><span style="text-decoration: underline;">Gi&aacute; tour/kh&aacute;ch</span></em></strong></span></address> <address><span style="color: #ff0000; font-size: medium; font-family: times new roman,times;"><strong><em><span style="text-decoration: underline;"><br /></span></em></strong></span></address> <address><span style="font-size: medium; font-family: times new roman,times;"><strong>Gi&aacute; tr&ecirc;n kh&ocirc;ng &aacute;p dụng cho c&aacute;c ng&agrave;y lễ tết. Ng&agrave;y lễ tết phụ thu 15% tr&ecirc;n gi&aacute; tour đối với ti&ecirc;u chuẩn kh&aacute;ch sạn v&agrave; resort từ 2 sao đến 3 sao), 20% đối với Resort ti&ecirc;u chuẩn 4 sao.</strong></span></address> <address><span style="color: #ff0000; font-size: medium; font-family: times new roman,times;"><strong><em><span style="text-decoration: underline;">Gi&aacute; tr&ecirc;n bao gồm:</span></em></strong><em>&nbsp;</em></span></address> <address><span style="font-size: medium; font-family: times new roman,times;">-&nbsp;&nbsp;&nbsp;&nbsp;&nbsp;&nbsp;&nbsp;&nbsp;&nbsp;&nbsp;&nbsp;&nbsp;&nbsp;&nbsp;&nbsp;&nbsp; Kh&aacute;ch sạn đạt ti&ecirc;u chuẩn 2 sao, 3 sao, 4 sao, tiện nghi đầy đủ (2-3 kh&aacute;ch/ph&ograve;ng)</span></address> <address><span style="font-size: medium; font-family: times new roman,times;">-&nbsp;&nbsp;&nbsp;&nbsp;&nbsp;&nbsp;&nbsp;&nbsp;&nbsp;&nbsp;&nbsp;&nbsp;&nbsp;&nbsp;&nbsp;&nbsp; 2 buổi Ăn s&aacute;ng <br /></span></address> <address><span style="font-size: medium; font-family: times new roman,times;">-&nbsp;&nbsp;&nbsp;&nbsp;&nbsp;&nbsp;&nbsp;&nbsp;&nbsp;&nbsp;&nbsp;&nbsp;&nbsp;&nbsp;&nbsp;&nbsp; 04 bữa ăn ch&iacute;nh được chọn lọc đảm bảo vệ sinh an to&agrave;n thực phẩm (100.000 VNĐ/kh&aacute;ch/bữa)</span></address> <address><span style="font-size: medium; font-family: times new roman,times;">-&nbsp;&nbsp;&nbsp;&nbsp;&nbsp;&nbsp;&nbsp;&nbsp;&nbsp;&nbsp;&nbsp;&nbsp;&nbsp;&nbsp;&nbsp;&nbsp; Khăn lạnh, nước uống (02 chai 0.5l/kh&aacute;ch/ng&agrave;y)</span></address> <address><span style="font-size: medium; font-family: times new roman,times;">-&nbsp;&nbsp;&nbsp;&nbsp;&nbsp;&nbsp;&nbsp;&nbsp;&nbsp;&nbsp;&nbsp;&nbsp;&nbsp;&nbsp;&nbsp;&nbsp; Hướng dẫn vi&ecirc;n chu đ&aacute;o, vui vẻ, nhiệt t&igrave;nh suốt tuyến, biết về nghiệp vụ sơ cấp cứu.</span></address> <address><span style="font-size: medium; font-family: times new roman,times;">-&nbsp;&nbsp;&nbsp;&nbsp;&nbsp;&nbsp;&nbsp;&nbsp;&nbsp;&nbsp;&nbsp;&nbsp;&nbsp;&nbsp;&nbsp;&nbsp; Thuốc y tế th&ocirc;ng thường: say xe, đau bụng, băng gạt, dầu gi&oacute;,&hellip;</span></address> <address><span style="font-size: medium; font-family: times new roman,times;">-&nbsp;&nbsp;&nbsp;&nbsp;&nbsp;&nbsp;&nbsp;&nbsp;&nbsp;&nbsp;&nbsp;&nbsp;&nbsp;&nbsp;&nbsp;&nbsp; Xe tham quan du lịch đời mới, m&aacute;y lạnh.</span></address> <address><span style="font-size: medium; font-family: times new roman,times;">-&nbsp;&nbsp;&nbsp;&nbsp;&nbsp;&nbsp;&nbsp;&nbsp;&nbsp;&nbsp;&nbsp;&nbsp;&nbsp;&nbsp;&nbsp;&nbsp; Ph&iacute; tham quan, phục vụ v&agrave; thuế gi&aacute; trị gia tăng (10%)</span></address> <address><span style="color: #ff0000; font-size: medium; font-family: times new roman,times;">&Oslash;&nbsp;&nbsp; <strong><em><span style="text-decoration: underline;">Gi&aacute; tour kh&ocirc;ng bao gồm:</span></em></strong><strong><em>&nbsp;</em></strong></span></address> <address><span style="font-size: medium; font-family: times new roman,times;">-&nbsp;&nbsp;&nbsp;&nbsp;&nbsp;&nbsp;&nbsp;&nbsp;&nbsp;&nbsp;&nbsp;&nbsp;&nbsp;&nbsp;&nbsp;&nbsp; Ăn uống, điện thoại, c&aacute;c dịch vụ vui chơi giải tr&iacute; c&aacute; nh&acirc;n ngo&agrave;i chương tr&igrave;nh.</span></address> <address><span style="font-size: medium; font-family: times new roman,times;">-&nbsp;&nbsp;&nbsp;&nbsp;&nbsp;&nbsp;&nbsp;&nbsp;&nbsp;&nbsp;&nbsp;&nbsp;&nbsp;&nbsp;&nbsp;&nbsp; Phương tiện vận chuyển: V&eacute; t&agrave;u cao tốc Rạch Gi&aacute; &ndash;   Ph&uacute; Quốc, t&agrave;u cao tốc H&agrave; Ti&ecirc;n &ndash; Ph&uacute; Quốc, v&eacute; m&aacute;y bay Cần Thơ &ndash; Ph&uacute; Quốc,   Rạch Gi&aacute; &ndash; Ph&uacute; Quốc, TP HCM &ndash; Ph&uacute; Quốc, H&agrave; Nội &ndash; Ph&uacute; Quốc. Xe &ocirc; t&ocirc; đ&oacute;n  &ndash;  tiễn bến t&agrave;u.</span></address> <address><span style="color: #ff0000; font-size: medium; font-family: times new roman,times;"><strong><em><span style="text-decoration: underline;">Ghi ch&uacute;:</span></em></strong></span></address> <address><span style="font-size: medium; font-family: times new roman,times;">-&nbsp;&nbsp;&nbsp;&nbsp;&nbsp;&nbsp;&nbsp;&nbsp;&nbsp;&nbsp;&nbsp;&nbsp;&nbsp;&nbsp;&nbsp;&nbsp; Trẻ em từ 11 tuổi trở l&ecirc;n: t&iacute;nh bằng gi&aacute; người lớn.</span></address> <address><span style="font-size: medium; font-family: times new roman,times;">-&nbsp;&nbsp;&nbsp;&nbsp;&nbsp;&nbsp;&nbsp;&nbsp;&nbsp;&nbsp;&nbsp;&nbsp;&nbsp;&nbsp;&nbsp;&nbsp; Trẻ em từ 06 đến dưới 11 tuổi: t&iacute;nh &frac12; gi&aacute; v&eacute;, bao   gồm: 1 suất ăn, 1 chỗ ngồi tr&ecirc;n xe, v&eacute; tham quan, ngủ chung với gia   đ&igrave;nh.</span></address> <address><span style="font-size: medium; font-family: times new roman,times;">-&nbsp;&nbsp;&nbsp;&nbsp;&nbsp;&nbsp;&nbsp;&nbsp;&nbsp;&nbsp;&nbsp;&nbsp;&nbsp;&nbsp;&nbsp;&nbsp; Trẻ em dưới 06 tuổi: miễn ph&iacute; (2 người lớn chỉ k&egrave;m 1 trẻ miễn ph&iacute;, trẻ thứ 2 phải mua 30% gi&aacute; tour).</span></address> <address><span style="font-size: medium; font-family: times new roman,times;">-&nbsp;&nbsp;&nbsp;&nbsp;&nbsp;&nbsp;&nbsp;&nbsp;&nbsp;&nbsp;&nbsp;&nbsp;&nbsp;&nbsp;&nbsp;&nbsp; Trẻ em mua V&eacute; m&aacute;y bay theo qui định của Việt Nam   Airline, Air Mekong (tr&ecirc;n 12 tuổi mua 100% v&eacute;, từ 02 - dưới 12 tuổi mua   75% v&eacute;, dưới 02 tuổi mua 10%v&eacute;).</span></address>', '3 NGÀY 2 ĐÊM', '1,500,000 VND / 1 người', 'Xe Du Lịch', 'Đông đảo - Nam Đảo');
INSERT INTO `tour_lang` (`tour_id`, `lang`, `title`, `url`, `summary`, `content`, `time_tour`, `price`, `vehicle`, `destination`) VALUES
(21, 'en', 'Phu Quoc', NULL, '<p>Những ai đ&atilde; từng đến Ph&uacute; Quốc - Thi&ecirc;n Đường Của Biển, chắc hẳn sẽ  kh&ocirc;ng    qu&ecirc;n những gi&acirc;y ph&uacute;t tr&ecirc;n đại dương bao la, c&ugrave;ng ho&agrave; m&igrave;nh v&agrave;o  l&agrave;n nước    trong xanh, ngắm những rặng san h&ocirc; đầy m&agrave;u sắc được thi&ecirc;n  nhi&ecirc;n ban   tặng  hay c&ugrave;ng với thuỷ thủ đo&agrave;n trải nghiệm cuộc sống của  những ngư d&acirc;n   tr&ecirc;n  đảo. B&ecirc;n cạnh cảm gi&aacute;c th&uacute; vị khi c&acirc;u được những  ch&uacute; c&aacute; m&uacute;, c&aacute;   đỏ...đ&oacute;  c&ograve;n l&agrave; những gi&acirc;y ph&uacute;t thanh b&igrave;nh, &ecirc;m ả b&ecirc;n  những bờ c&aacute;t trắng   c&ugrave;ng n&eacute;t  hoang sơ vốn c&oacute;. Đến với Du Lịch H&agrave;nh  Tr&igrave;nh Xanh - Green   Cruise Tourism,  sẽ l&agrave; những gi&acirc;y ph&uacute;t kh&ocirc;ng qu&ecirc;n  m&agrave; Du Lịch H&agrave;nh Tr&igrave;nh   Xanh sẽ gửi đến  Du kh&aacute;ch...</p>', '<p><strong>Ng&agrave;y 1:&nbsp; Biển Xanh C&aacute;t Trắng</strong></p>\n<p>Xe v&agrave; HDV Cty đ&oacute;n đo&agrave;n tại điểm hẹn,&nbsp;du kh&aacute;ch&nbsp;về nh&agrave; h&agrave;ng d&ugrave;ng cơm trưa, sau đ&oacute; xe đưa đo&agrave;n về kh&aacute;ch sạn nhận ph&ograve;ng nghỉ ngơi.</p>\n<p><strong>14h00:</strong> Xe đưa đo&agrave;n tham quan Đ&ocirc;ng đảo, viếng ch&ugrave;a  H&ugrave;ng Long Tự (c&ograve;n&nbsp; gọi l&agrave; Am&nbsp; Sư Mu&ocirc;n, ng&ocirc;i ch&ugrave;a &nbsp;được x&acirc;y dựng nằm tr&ecirc;n  đỉnh n&uacute;i cao men theo triền n&uacute;i, do hội Việt kiều &Uacute;c&nbsp; c&ocirc;ng đức, đến  L&agrave;ng Ch&agrave;i H&agrave;m Ninh một trong những l&agrave;ng ch&agrave;i cổ nhất tại Việt Nam, đo&agrave;n  sẽ tham quan v&agrave; mua sắm đặc sản tươi sống tại đ&acirc;y như: Hải M&atilde;, Hải Long,  T&ocirc;m T&iacute;ch, Ghẹ....</p>\n<p>Tr&ecirc;n đường đi du kh&aacute;ch được nghe giới thiệu về c&aacute;c địa danh nổi tiếng  ở đ&acirc;y. Tham quan Suối Tranh leo n&uacute;i, d&atilde; ngoại. (Từ th&aacute;ng 05 - 10 tắm  suối c&oacute; th&aacute;c đổ, chinh phục th&aacute;c Tranh).</p>\n<p><strong>16h00:</strong> Xe đưa đo&agrave;n về nh&agrave; h&agrave;ng d&ugrave;ng cơm chiều, nghỉ ngơi, tự do kh&aacute;m ph&aacute; Ph&uacute; Quốc về đ&ecirc;m (<em>thưởng thức hải sản tại chợ đ&ecirc;m Ph&uacute; Quốc).</em></p>\n<p><strong>Ng&agrave;y 2: Tham quan Nam Đảo </strong></p>\n<p><strong>8h30:</strong> Đ&oacute;n du kh&aacute;ch tại kh&aacute;ch sạn. Khởi h&agrave;nh đi tham  quan Nam Đảo, tham quan trại nu&ocirc;i cấy Ngọc Trai, nơi sản xuất những vi&ecirc;n  ngọc tự nhi&ecirc;n. Du kh&aacute;ch sẽ được giới thiệu&nbsp; c&aacute;ch&nbsp; nu&ocirc;i cấy v&agrave; lấy ngọc,  kh&ocirc;ng g&igrave; th&uacute; vị hơn, tại đ&acirc;y du kh&aacute;ch c&oacute; thể tự tay chọn mua những vi&ecirc;n  ngọc ưng &yacute; nhất l&agrave;m qu&agrave; cho người th&acirc;n v&agrave; gia đ&igrave;nh</p>\n<p>Tiếp tục h&agrave;nh tr&igrave;nh, di t&iacute;ch lịch sử Nh&agrave; lao C&acirc;y Dừa - nơi giam cầm  khoảng 40 ng&agrave;n t&ugrave; binh ch&iacute;nh trị của chế độ h&agrave; khắc thời Mỹ &amp; Ph&aacute;p  thuộc, xe đưa du kh&aacute;ch đến B&atilde;i Sao tham quan nghỉ ngơi, tham gia c&aacute;c tr&ograve;  chơi tr&ecirc;n biển (chi ph&iacute; tự t&uacute;c) tại một trong b&atilde;i biển đẹp nhất ph&uacute;  quốc, được b&igrave;nh chọn b&atilde;i biển nằm trong top ten của Ch&acirc;u &Aacute;.</p>\n<p>Tham quan vườn ti&ecirc;u v&agrave;&nbsp; nh&agrave; th&ugrave;ng nước mắm, cơ sở rượu sim, một trong những ng&agrave;nh&nbsp;nghề đặc trưng nhất tại Huyện đảo Ph&uacute; Quốc</p>\n<p>Trở về thị trấn Dương Đ&ocirc;ng, đo&agrave;n tham quan v&agrave; mua sắm tại chợ Dương  Đ&ocirc;ng, tham quan Dinh Cậu, du kh&aacute;ch c&oacute; thể &nbsp;ngắm nh&igrave;n Ho&agrave;ng h&ocirc;n tr&ecirc;n biển  v&agrave; những con thuyền ra khơi đ&aacute;nh c&aacute;, nghe truyền thuyết về Dinh Cậu.</p>\n<p><strong>17h00: </strong>&nbsp;Xe đưa đo&agrave;n về kh&aacute;ch sạn nghỉ ngơi. D&ugrave;ng cơm tối v&agrave; tự do sinh hoạt.</p>\n<p><strong>Chương tr&igrave;nh đi k&egrave;m: </strong></p>\n<p><strong><em>17h30:</em></strong><em> xe v&agrave; HDV đưa du kh&aacute;ch l&ecirc;n t&agrave;u  v&agrave; ra khơi. Ở đ&acirc;y du kh&aacute;ch sẽ trải nghiệm những gi&acirc;y ph&uacute;t thư gi&atilde;n với&nbsp;  cảnh ho&agrave;ng h&ocirc;n tuyệt đẹp v&agrave; huyền ảo đầy th&uacute; vị, Du kh&aacute;ch c&ugrave;ng thủy thủ  đo&agrave;n trổ t&agrave;i c&acirc;u mực. Sẽ kh&ocirc;ng g&igrave; bằng khi ch&iacute;nh tay bạn c&acirc;u được những  con mực đang săn mồi dưới biển hay vớt được những ch&uacute; c&aacute; kiếm, c&aacute; xanh  xương đang nổi m&igrave;nh tr&ecirc;n mặt biển v&agrave; c&ugrave;ng trải nghiệm cảm gi&aacute;c ra khơi  như c&aacute;c ngư d&acirc;n tr&ecirc;n đảo. Chiến lợi phẩm sẽ được phục vụ ngay tr&ecirc;n t&agrave;u.</em></p>\n<p><strong><em>21h00: </em></strong><em>K</em><em>ết th&uacute;c chuyến c&acirc;u mực đ&ecirc;m, xe đưa du kh&aacute;ch về kh&aacute;ch sạn nghỉ ngơi.<strong>Chi ph&iacute; tự t&uacute;c (300.000/người). Chương tr&igrave;nh sẽ do du kh&aacute;ch ấn định thời điểm.</strong></em></p>\n<p>&nbsp;</p>\n<p><strong>Ng&agrave;y 3: Tiễn kh&aacute;ch</strong></p>\n<p>Nghỉ ngơi tại kh&aacute;ch sạn, tự do tắm biển hay mua sắm tại trung t&acirc;m thị  trấn Dương Đ&ocirc;ng, tiễn kh&aacute;ch ra s&acirc;n bay Ph&uacute; Quốc. Kết th&uacute;c chuyến tham  quan, tạm biệt v&agrave; hẹn gặp lại.</p>\n<p><strong><em><span style="text-decoration: underline;">Gi&aacute; tour/kh&aacute;ch</span></em></strong></p>\n<p><strong>Gi&aacute; tr&ecirc;n kh&ocirc;ng &aacute;p dụng cho c&aacute;c ng&agrave;y lễ tết.</strong></p>\n<p><strong><em><span style="text-decoration: underline;">Gi&aacute; tr&ecirc;n bao gồm:</span></em></strong><em>&nbsp;</em></p>\n<p>-&nbsp;&nbsp;&nbsp;&nbsp;&nbsp;&nbsp;&nbsp;&nbsp;&nbsp;&nbsp;&nbsp;&nbsp;&nbsp;&nbsp;&nbsp;&nbsp; Kh&aacute;ch sạn đạt ti&ecirc;u chuẩn 2 sao, 3 sao, 4 sao, tiện nghi đầy đủ (2-3 kh&aacute;ch/ph&ograve;ng)</p>\n<p>-&nbsp;&nbsp;&nbsp;&nbsp;&nbsp;&nbsp;&nbsp;&nbsp;&nbsp;&nbsp;&nbsp;&nbsp;&nbsp;&nbsp;&nbsp;&nbsp; Ăn s&aacute;ng</p>\n<p>-&nbsp;&nbsp;&nbsp;&nbsp;&nbsp;&nbsp;&nbsp;&nbsp;&nbsp;&nbsp;&nbsp;&nbsp;&nbsp;&nbsp;&nbsp;&nbsp; 04 bữa ăn ch&iacute;nh được chọn lọc đảm bảo vệ sinh an to&agrave;n thực phẩm (90.000 VNĐ/kh&aacute;ch/bữa)</p>\n<p>-&nbsp;&nbsp;&nbsp;&nbsp;&nbsp;&nbsp;&nbsp;&nbsp;&nbsp;&nbsp;&nbsp;&nbsp;&nbsp;&nbsp;&nbsp;&nbsp; Khăn lạnh, nước uống (02 chai 0.5l/kh&aacute;ch/ng&agrave;y)</p>\n<p>-&nbsp;&nbsp;&nbsp;&nbsp;&nbsp;&nbsp;&nbsp;&nbsp;&nbsp;&nbsp;&nbsp;&nbsp;&nbsp;&nbsp;&nbsp;&nbsp; Hướng dẫn vi&ecirc;n chu đ&aacute;o, vui vẻ, nhiệt t&igrave;nh suốt tuyến, biết về nghiệp vụ sơ cấp cứu.</p>\n<p>-&nbsp;&nbsp;&nbsp;&nbsp;&nbsp;&nbsp;&nbsp;&nbsp;&nbsp;&nbsp;&nbsp;&nbsp;&nbsp;&nbsp;&nbsp;&nbsp; Thuốc y tế th&ocirc;ng thường: say xe, đau bụng, băng gạt, dầu gi&oacute;,&hellip;</p>\n<p>-&nbsp;&nbsp;&nbsp;&nbsp;&nbsp;&nbsp;&nbsp;&nbsp;&nbsp;&nbsp;&nbsp;&nbsp;&nbsp;&nbsp;&nbsp;&nbsp; Xe tham quan du lịch đời mới, m&aacute;y lạnh.</p>\n<p>-&nbsp;&nbsp;&nbsp;&nbsp;&nbsp;&nbsp;&nbsp;&nbsp;&nbsp;&nbsp;&nbsp;&nbsp;&nbsp;&nbsp;&nbsp;&nbsp; Ph&iacute; tham quan, phục vụ v&agrave; thuế gi&aacute; trị gia tăng (10%)</p>\n<p>&Oslash;&nbsp;&nbsp; <strong><em><span style="text-decoration: underline;">Gi&aacute; tour kh&ocirc;ng bao gồm:</span></em></strong><strong><em>&nbsp;</em></strong></p>\n<p>-&nbsp;&nbsp;&nbsp;&nbsp;&nbsp;&nbsp;&nbsp;&nbsp;&nbsp;&nbsp;&nbsp;&nbsp;&nbsp;&nbsp;&nbsp;&nbsp; Ăn uống, điện thoại, c&aacute;c dịch vụ vui chơi giải tr&iacute; c&aacute; nh&acirc;n ngo&agrave;i chương tr&igrave;nh.</p>\n<p>-&nbsp;&nbsp;&nbsp;&nbsp;&nbsp;&nbsp;&nbsp;&nbsp;&nbsp;&nbsp;&nbsp;&nbsp;&nbsp;&nbsp;&nbsp;&nbsp; Phương tiện vận chuyển: V&eacute; t&agrave;u cao tốc Rạch Gi&aacute; &ndash;  Ph&uacute; Quốc, t&agrave;u cao tốc H&agrave; Ti&ecirc;n &ndash; Ph&uacute; Quốc, v&eacute; m&aacute;y bay Cần Thơ &ndash; Ph&uacute; Quốc,  Rạch Gi&aacute; &ndash; Ph&uacute; Quốc, TP HCM &ndash; Ph&uacute; Quốc, H&agrave; Nội &ndash; Ph&uacute; Quốc. Xe &ocirc; t&ocirc; đ&oacute;n &ndash;  tiễn bến t&agrave;u.</p>\n<p><strong><em><span style="text-decoration: underline;">Ghi ch&uacute;:</span></em></strong></p>\n<p>-&nbsp;&nbsp;&nbsp;&nbsp;&nbsp;&nbsp;&nbsp;&nbsp;&nbsp;&nbsp;&nbsp;&nbsp;&nbsp;&nbsp;&nbsp;&nbsp; Trẻ em từ 11 tuổi trở l&ecirc;n: t&iacute;nh bằng gi&aacute; người lớn.</p>\n<p>-&nbsp;&nbsp;&nbsp;&nbsp;&nbsp;&nbsp;&nbsp;&nbsp;&nbsp;&nbsp;&nbsp;&nbsp;&nbsp;&nbsp;&nbsp;&nbsp; Trẻ em từ 06 đến dưới 11 tuổi: t&iacute;nh &frac12; gi&aacute; v&eacute;, bao  gồm: 1 suất ăn, 1 chỗ ngồi tr&ecirc;n xe, v&eacute; tham quan, ngủ chung với gia  đ&igrave;nh.</p>\n<p>-&nbsp;&nbsp;&nbsp;&nbsp;&nbsp;&nbsp;&nbsp;&nbsp;&nbsp;&nbsp;&nbsp;&nbsp;&nbsp;&nbsp;&nbsp;&nbsp; Trẻ em dưới 06 tuổi: miễn ph&iacute; (2 người lớn chỉ k&egrave;m 1 trẻ miễn ph&iacute;, trẻ thứ 2 phải mua 30% gi&aacute; tour).</p>\n<p>-&nbsp;&nbsp;&nbsp;&nbsp;&nbsp;&nbsp;&nbsp;&nbsp;&nbsp;&nbsp;&nbsp;&nbsp;&nbsp;&nbsp;&nbsp;&nbsp; Trẻ em mua V&eacute; m&aacute;y bay theo qui định của Việt Nam  Airline, Air Mekong (tr&ecirc;n 12 tuổi mua 100% v&eacute;, từ 02 - dưới 12 tuổi mua  75% v&eacute;, dưới 02 tuổi mua 10%v&eacute;).</p>', '3 days/ 2 nights', '150 USD / 1 person', 'Car-boat', 'Phu Quoc'),
(18, 'vi', 'CHÂU ĐỐC CAMBODIA (4ngày-3 đêm)', NULL, '<p>Đang cập nhật....</p>', '<p>Đang cập nhật....</p>', '4ngày-3 đêm', '3000000 VND / 1 người', 'Xe du lịch -tàu', 'Chau Doc – Phnom Penh- Angkor – Chau Doc'),
(18, 'en', 'ANGKOR WAT RUINS(4 days/ 3 nights)', NULL, '<p><span style="font-size: small; font-family: arial,helvetica,sans-serif; color: #0000ff;">Sightseeing around the Angkor town, Visit the Ankor Temple area, Shopping at the Old Market, Central Market</span></p>', '<div style="text-align: justify;">\n<p style="text-align: justify;"><span style="font-size: small; font-family: arial,helvetica,sans-serif; color: #0000ff;"><em><br /></em></span></p>\n</div>\n<div style="text-align: justify;">\n<div>\n<div style="background-color: #009900; height: 16px; padding: 3px 5px; color: #ffffff; font-weight: bold;"><span style="font-size: small; font-family: arial,helvetica,sans-serif;"><strong><span style="text-decoration: underline;">DAY 1</span></strong>: <strong>CHAU DOC &ndash; PHNOM PENH - SIEM REAP (_/_/D)</strong><span style="color: #0000ff;"><span style="color: #ffffff;">&nbsp;</span><br /></span></span></div>\n<div><span style="background-color: #ffffff; font-size: small; font-family: arial,helvetica,sans-serif;">&nbsp;</span></div>\n<div>\n<p><span style="font-size: small; font-family: arial,helvetica,sans-serif;">Pick up for Express boat to <strong>Phnom Penh</strong> transfer to VIP bus to <strong>Siem Reap</strong>. Pick up and check in on arrival. Have free evening to explore the town of <strong>Angkor Wat</strong>.</span></p>\n<p><span style="font-size: small; font-family: arial,helvetica,sans-serif;">Have dinner. Free at leisure and overnight.</span></p>\n</div>\n<div>\n<p style="text-align: justify;"><span style="font-size: small; font-family: arial,helvetica,sans-serif; color: #0000ff;"><em><br /></em></span></p>\n</div>\n</div>\n</div>\n<div style="text-align: justify;">\n<div>\n<div style="background-color: #009900; height: 16px; padding: 3px 5px; color: #ffffff; font-weight: bold;"><span style="font-size: small; font-family: arial,helvetica,sans-serif;"><strong><span style="text-decoration: underline;">DAY 2</span>: <strong>ANGKOR RUINS (B/L/D)</strong></strong><span style="color: #0000ff;"><span style="color: #ffffff;">&nbsp;</span><br /></span></span></div>\n<div style="text-align: justify;"><span style="background-color: #ffffff; font-size: small; font-family: arial,helvetica,sans-serif;">&nbsp;</span></div>\n<p><span style="font-size: small; font-family: arial,helvetica,sans-serif;">Early morning, view sunrise at<strong> Angkor Wat.</strong> Transfer to hotel for breakfast. The same morning visit <strong>South Gate of Angkor Thom, Bayon, Baphoun, Terrace of the Elephants, Terrace of the Leper King. </strong></span></p>\n<p><span style="font-size: small; font-family: arial,helvetica,sans-serif;">Afternoon, visit <strong>Grand Circuit</strong> including <strong>Pre Rup, East Mebon, Ta Som, Neak Pean, Preah Khan, Baksei Chamkrong</strong> and <strong>South Gate of Angkor Thom</strong>. Have dinner and overnight Siem Reap.</span></p>\n<p><span style="font-size: small; font-family: arial,helvetica,sans-serif;">Free at leisure and overnight!</span></p>\n<div>\n<p style="text-align: justify;"><span style="font-size: small; font-family: arial,helvetica,sans-serif; color: #0000ff;"><em><br /></em></span></p>\n</div>\n<div>\n<div>\n<div style="background-color: #009900; height: 16px; padding: 3px 5px; color: #ffffff; font-weight: bold;"><span style="font-size: small; font-family: arial,helvetica,sans-serif;"><strong><span style="text-decoration: underline;">DAY 3</span></strong>: <strong>SIEM REAP &ndash; PHNOM PENH (B/L/D)</strong><span style="color: #0000ff;"><span style="color: #ffffff;">&nbsp;</span><br /></span></span></div>\n<div style="text-align: justify;"><span style="background-color: #ffffff; font-size: small; font-family: arial,helvetica,sans-serif;">&nbsp;</span></div>\n<p><span style="font-family: arial,helvetica,sans-serif; font-size: small;"><strong>&nbsp;</strong></span></p>\n<p><span style="font-size: small; font-family: arial,helvetica,sans-serif;">After breakfast, transfer for VIP bus to <strong>Phnom Penh. </strong>Pick up and check in on arrival.</span></p>\n<p><span style="font-size: small; font-family: arial,helvetica,sans-serif;">Have lunch and then start to visit around Phnom Penh. First visit the <strong>Royal palace, National Museum, Silver Pagoda, Independent Monument</strong>, and <strong>Russian market.</strong></span></p>\n<p><span style="font-size: small; font-family: arial,helvetica,sans-serif;">Have dinner. Free at leisure and overnight!</span></p>\n<div>\n<p style="text-align: justify;"><span style="font-size: small; font-family: arial,helvetica,sans-serif; color: #0000ff;"><em><br /></em></span></p>\n</div>\n<div>\n<div>\n<div style="background-color: #009900; height: 16px; padding: 3px 5px; color: #ffffff; font-weight: bold;"><span style="color: #0000ff; font-family: arial,helvetica,sans-serif; font-size: small;"><span style="color: #ffffff;">DAY 4: PHNOM PENH &ndash; CHAU DOC (B/_/_)</span><br /></span></div>\n<div style="text-align: justify;"><span style="background-color: #ffffff; font-size: small; font-family: arial,helvetica,sans-serif;">&nbsp;</span></div>\n<p><span style="font-family: arial,helvetica,sans-serif; font-size: small;">After breakfast, transfer for boat to Phnom Penh. Nice view of Tonle Sap Lake on the way. Arrive Phnom Penh International Port at 12:00 ish, have lunch and then head to Tinh Bien border. Say goodbye to the Kingdom of Cambodia, pick up and transfer to Chau Doc.</span></p>\n<p class="MsoNormal" style="margin: 14.4pt 0cm; text-align: justify;"><span style="font-size: small; line-height: 115%; font-family: arial,helvetica,sans-serif;" lang="EN-US">Ends tour! <br /></span></p>\n<div style="border: 1pt solid windowtext; padding: 1pt 4pt;">\n<p style="text-align: center; border: medium none; padding: 0cm;"><span style="font-size: small; font-family: arial,helvetica,sans-serif;"><strong><span lang="EN-US">Join-in Tour Price:</span></strong><span lang="EN-US"> </span><strong><span lang="EN-US">243</span></strong><span lang="EN-US"> <strong>USD </strong></span><strong><span lang="EN-US">/person; Single up: <span style="color: red;">45 USD</span></span></strong></span></p>\n</div>\n<p><span style="font-size: small; font-family: arial,helvetica,sans-serif; color: #ff0000;"><em><strong><span lang="EN-US">All program Tour service Includes: </span></strong></em><span lang="EN-US">&nbsp;</span></span></p>\n<p class="MsoNormal" style="margin: 0cm 0cm 0.0001pt 18pt; text-indent: -18pt; line-height: normal;"><span style="font-size: small; font-family: arial,helvetica,sans-serif;"><span lang="EN-US">- </span><span lang="EN-US">Accommodation in twin sharing room + ABF</span></span></p>\n<p class="MsoNormal" style="margin: 0cm 0cm 0.0001pt 18pt; text-indent: -18pt; line-height: normal;"><span style="font-size: small; font-family: arial,helvetica,sans-serif;"><span lang="EN-US">- </span><span lang="EN-US">VIP bus tickets,&nbsp; private air condition Van , Mini Bus at destinations</span></span></p>\n<p class="MsoNormal" style="margin: 0cm 0cm 0.0001pt 18pt; text-indent: -18pt; line-height: normal;"><span style="font-size: small; font-family: arial,helvetica,sans-serif;"><span lang="EN-US">- </span><span lang="EN-US">English Speaking guide</span></span></p>\n<p class="MsoNormal" style="margin: 0cm 0cm 0.0001pt 18pt; text-indent: -18pt; line-height: normal;"><span style="font-size: small; font-family: arial,helvetica,sans-serif;"><span lang="EN-US">- </span><span lang="EN-US">Admission fee to indicted sights</span></span></p>\n<p class="MsoNormal" style="margin: 0cm 0cm 0.0001pt 18pt; text-indent: -18pt; line-height: normal;"><span style="font-size: small; font-family: arial,helvetica,sans-serif;"><span lang="EN-US">- </span><span lang="EN-US">Boat trip as stated in above sights</span></span></p>\n<p class="MsoNormal" style="margin: 0cm 0cm 0.0001pt 18pt; text-indent: -18pt; line-height: normal;"><span style="font-size: small; font-family: arial,helvetica,sans-serif;"><span lang="EN-US">- </span><span lang="EN-US">Meals as stated</span></span></p>\n<p><span style="font-size: small; font-family: arial,helvetica,sans-serif;"><em><span style="color: #ff0000;"><strong><span lang="EN-US">All program Tour service Not Includes:</span></strong></span></em><span lang="EN-US"> </span></span></p>\n<p class="MsoNormal" style="margin: 0cm 0cm 0.0001pt 18pt; text-indent: -18pt; line-height: normal;"><span style="font-size: small; font-family: arial,helvetica,sans-serif;"><span lang="EN-US">- </span><span lang="EN-US">Meals not stated</span></span></p>\n<p class="MsoNormal"><span style="line-height: 115%; font-size: small; font-family: arial,helvetica,sans-serif;" lang="EN-US"><span lang="EN-US">- </span><span lang="EN-US">Visa on arrival 25 USD / person, Re-entry visa (For Non-Vietnamese</span></span></p>\n<p class="MsoNormal"><span style="line-height: 115%; font-size: small; font-family: arial,helvetica,sans-serif;" lang="EN-US"><span lang="EN-US">- </span><span lang="EN-US">Personal expense and others not stated</span></span></p>\n</div>\n</div>\n</div>\n</div>\n</div>\n</div>\n<div id="_mcePaste" class="mcePaste" style="position: absolute; left: -10000px; top: 548px; width: 1px; height: 1px; overflow: hidden; text-align: justify;">\n<p class="MsoNormal" style="margin: 14.4pt 0cm; text-align: justify;"><span style="font-size: small; font-family: arial,helvetica,sans-serif;"><strong><span style="text-decoration: underline;"><span style="line-height: 115%;" lang="EN-US">&nbsp;</span></span></strong><strong><span style="line-height: 115%;" lang="EN-US">&ndash; CHAU DOC (B/_/_)</span></strong></span></p>\n</div>', '4 days/ 3 nights', '300 USD / 1 person', 'Car-boat', 'Chau Doc – Phnom Penh- Angkor – Chau Doc'),
(19, 'vi', 'GTC-Châu Đốc -Cần Thơ(home stay) -HCM', NULL, '<p>đang cập nhật....</p>', '<p>đang cập nhật....</p>', '2 ngày', '3000000 VND / 1 người', 'Xe ô tô', 'GTC-Châu Đốc -Cần Thơ(home stay) -HCM'),
(19, 'en', 'MEKONG DELTA TRIP(homestay)', NULL, '<p>- Boat cruise to floating houses</p>\n<p>- Visit Cham minority and Weavings shop</p>\n<p>- The biggest floating markets in Mekong Delta</p>\n<p>Home-stay at Can Tho</p>', '<div></div>\n<div>\n<div>\n<div style="background-color: #009900; height: 16px; padding: 3px 5px; color: #ffffff; font-weight: bold;"><strong><span style="text-decoration: underline;">DAY 1</span></strong>: <strong>CHAU DOC &ndash; CAN THO (_/L/D)</strong><span style="color: #0000ff; font-family: tahoma,arial,helvetica,sans-serif;"><span style="font-size: small; color: #ffffff;">&nbsp;</span><br /></span></div>\n<div style="text-align: justify;"><span style="background-color: #ffffff; font-size: xx-small; font-family: tahoma,arial,helvetica,sans-serif;">&nbsp;</span></div>\n<div style="text-align: justify;">\n<p>Pick up from your hotel or guesthouse, we transfer to the boat dock. First we take a ride cruising to the <strong>fish-farm,</strong> you will be heard about the ways of living and doing business of the <strong>floating- house people.</strong></p>\n<p><strong>Cham minority village</strong> is the next one visited, where a towel weaving workshop is located with the weaving of the colorful traditional wears (Sarong and towels).We have a chance to know more about the Mekong delta people on stilted houses, especially <strong>Cham ethnic minority people.</strong></p>\n<p>Back to Chau Doc for bus to Can Tho. On the way, stop over an incense stick home workshop, then go on to Can Tho.</p>\n<p>Transfer to <strong>Phong Dien village</strong> by boat. Have lunch (included) with the Mekong Delta people. Visit the rice fields, go swimming on river. Enjoy Home-stay with the local people. Have dinner (included) with Vietnamese traditional dishes.</p>\n</div>\n<div>\n<p style="text-align: justify;"><span style="font-size: small; font-family: tahoma,arial,helvetica,sans-serif; color: #0000ff;"><em><br /></em></span></p>\n</div>\n</div>\n</div>\n<div>\n<div>\n<div style="background-color: #009900; height: 16px; padding: 3px 5px; color: #ffffff; font-weight: bold;"><strong><span style="text-decoration: underline;">DAY 2</span></strong>: <strong>CAN THO &ndash; HO CHI MINH city (B/_/_)</strong><span style="color: #0000ff; font-family: tahoma,arial,helvetica,sans-serif;"><span style="font-size: small; color: #ffffff;">&nbsp;</span><br /></span></div>\n<div style="text-align: justify;"><span style="background-color: #ffffff; font-size: xx-small; font-family: tahoma,arial,helvetica,sans-serif;">&nbsp;</span></div>\n<p>After breakfast we take a small boat to discover the <strong>2 biggest floating markets</strong> in the Mekong delta <strong>Cai Rang</strong> and <strong>Phong Dien</strong>. Cruise the small canals through villages interconnected by <strong>Monkey bridges</strong>. Visit <strong>Vermicelli </strong>making and rice mills. The boat takes us back to Can Tho for lunch.</p>\n<p>After lunch, we join the tour bus to Vinh Long for visit a local market, then go on to My Tho for a short stop at <strong>Bonsai gardens</strong>.</p>\n<p>End the tour in Saigon at the tourist area, district 1 at 6:00 PM</p>\n<p>&nbsp;</p>\n<p>&nbsp;</p>\n<div>\n<p><strong>Tour Price:</strong><strong> 36</strong><strong> USD/ person</strong></p>\n<p><strong><br /></strong></p>\n</div>\n<p><strong>All program Tour service Includes: </strong></p>\n<p>&Oslash;&nbsp; English Speaking guide</p>\n<p>&Oslash;&nbsp; Admission fee to indicted sights</p>\n<p>&Oslash;&nbsp; Boat trips as stated in above sights</p>\n<p><strong>All program Tour service Not Includes:</strong></p>\n<p>&Oslash;&nbsp; Meals</p>\n<p>&Oslash;&nbsp; Personal expense and others not stated</p>\n<p>&nbsp;</p>\n</div>\n</div>', '2days', '36 USD / 1 person', 'Car', 'Chau Doc – Can Tho (homestay) – Ho Chi Minh city'),
(20, 'vi', 'GTC-Châu Đốc -Cần Thơ -HCM', NULL, '<p>Đang cập nhật....</p>', '<p>Đang cập nhật....</p>', '2 ngày', '640 VND / 1 người', 'ô tô', 'Châu Đốc -Cần Thơ -HCM'),
(20, 'en', 'MEKONG DELTA TRIP(2 days)', NULL, '<p>- Boat cruise to floating houses</p>\n<p>- Visit Cham minority and Weavings shop</p>\n<p>- The biggest floating markets in Mekong Delta</p>', '<div>\n<div>\n<div style="background-color: #009900; height: 16px; padding: 3px 5px; color: #ffffff; font-weight: bold;"><strong><span style="text-decoration: underline;">DAY 1</span></strong>: <strong>CHAU DOC &ndash; CAN THO (_/_/_)</strong><span style="color: #0000ff; font-family: tahoma,arial,helvetica,sans-serif;"><span style="font-size: small; color: #ffffff;">&nbsp;</span><br /></span></div>\n<div style="text-align: justify;"><span style="background-color: #ffffff; font-size: xx-small; font-family: tahoma,arial,helvetica,sans-serif;">&nbsp;</span></div>\n<div style="text-align: justify;">\n<p>Pick up from your hotel or guesthouse, we transfer to the boat dock. First we take a ride cruising to the <strong>fish-farm </strong>where you will be heard about the ways of living and doing business of the floating- house people.</p>\n<p><strong>Cham minority village</strong> is the next one visited, where a towel weaving workshop is located with the weaving of the colorful traditional wears (Sarong and towels). We have a chance to know more about the Mekong delta people on stilted houses, especially <strong>Cham ethnic minority people</strong>.</p>\n<p>Back to Chau Doc for bus to Can Tho. On the way, stop over an incense stick home workshop, then go on to Can Tho for check in the central hotel. Have a free evening to explore Can Tho city.</p>\n</div>\n<div>\n<p style="text-align: justify;"><span style="font-size: small; font-family: tahoma,arial,helvetica,sans-serif; color: #0000ff;"><em><br /></em></span></p>\n</div>\n</div>\n</div>\n<div>\n<div>\n<div style="background-color: #009900; height: 16px; padding: 3px 5px; color: #ffffff; font-weight: bold;"><strong><span style="text-decoration: underline;">DAY 2</span></strong>: <strong>CAN THO &ndash; HO CHI MINH CITY &nbsp;(B/_/_)</strong><span style="color: #0000ff; font-family: tahoma,arial,helvetica,sans-serif;"><span style="font-size: small; color: #ffffff;">&nbsp;</span><br /></span></div>\n<div style="text-align: justify;"><span style="background-color: #ffffff; font-size: xx-small; font-family: tahoma,arial,helvetica,sans-serif;">&nbsp;</span></div>\n<p>After breakfast we take a small boat to discover the 2 biggest <strong>floating markets</strong> in the Mekong delta <strong>Cai Rang</strong> and <strong>Phong Dien</strong>. Cruise the small canals through villages interconnected by <strong>Monkey bridges</strong>. Visit <strong>Vermicelli</strong> making and rice mills. The boat takes us back to Can Tho for lunch.</p>\n<p>After lunch, we join the tour bus to Vinh Long for visit a <strong>local market</strong>, then go on to My Tho for a short stop at <strong>Bonsai gardens</strong>.</p>\n<p>End the tour in <strong>Saigon</strong> at the tourist area, district 1 at 6:00 PM</p>\n<div>\n<p><strong>Tour Price:</strong> <strong>32</strong> <strong>USD/ person</strong><strong><em></em></strong></p>\n</div>\n<p><strong>All program Tour service Includes: </strong></p>\n<p>&Oslash;&nbsp; English Speaking guide</p>\n<p>&Oslash;&nbsp; Admission fee to indicted sights</p>\n<p>&Oslash;&nbsp; Boat trips as stated in above sights</p>\n<p><strong>All program Tour service Not Includes:</strong></p>\n<p>&Oslash;&nbsp; Meals</p>\n<p>&Oslash;&nbsp; Personal expense and others not stated</p>\n<p>&nbsp;</p>\n<p>&nbsp;</p>\n</div>\n</div>', '2days', '32 USD / 1 person', 'Car', 'Chau Doc – Can Tho – Ho Chi Minh city'),
(23, 'vi', 'HOANG SƠ PHÚ QUỐC 4N3D, CÓ ĐI CÂU', NULL, '<p><span style="font-size: medium; font-family: times new roman,times; color: #000000;">C&ugrave;ng ho&agrave; m&igrave;nh v&agrave;o l&agrave;n  nước trong xanh, ngắm những rặng san h&ocirc; đầy m&agrave;u sắc được thi&ecirc;n nhi&ecirc;n ban  tặng hay c&ugrave;ng với thuỷ thủ đo&agrave;n trải nghiệm cuộc sống của những ngư d&acirc;n  tr&ecirc;n đảo. B&ecirc;n cạnh cảm gi&aacute;c th&uacute; vị khi c&acirc;u được những ch&uacute; c&aacute; M&uacute;, c&aacute; Đỏ...đ&oacute; c&ograve;n l&agrave; những gi&acirc;y ph&uacute;t thanh b&igrave;nh, &ecirc;m ả b&ecirc;n những bờ c&aacute;t trắng  c&ugrave;ng n&eacute;t hoang sơ vốn c&oacute;.</span></p>', '<address><span style="text-decoration: underline; color: #0000ff;"><span style="font-family: times new roman,times; font-size: medium;"><strong>Ng&agrave;y 1 : Biển Xanh C&aacute;t Trắng</strong></span></span><span style="font-family: times new roman,times; font-size: medium; color: #000000;"><strong>&nbsp;</strong></span></address>\n<p><span style="font-family: times new roman,times; font-size: medium; color: #000000;">&nbsp; &curren;&nbsp; Buổi s&aacute;ng: <strong>Xe v&agrave; HDV Du Lịch H&agrave;nh Tr&igrave;nh Xanh</strong> đ&oacute;n đo&agrave;n tại điểm hẹn, về nh&agrave; h&agrave;ng d&ugrave;ng cơm trưa, về kh&aacute;ch sạn nhận ph&ograve;ng v&agrave; nghỉ ngơi.</span></p>\n<p><span style="font-family: times new roman,times; font-size: medium; color: #000000;">&nbsp; &curren;&nbsp; Buổi chiều: Xe đưa đo&agrave;n tham quan Đ&ocirc;ng đảo</span></p>\n<ul>\n</ul>\n<p><span style="font-family: times new roman,times; font-size: medium; color: #000000;">&nbsp; &nbsp; &nbsp; &bull; <strong>Ch&ugrave;a H&ugrave;ng Long Tự</strong> (c&ograve;n&nbsp; gọi l&agrave; Am&nbsp; Sư Mu&ocirc;n)</span></p>\n<ul>\n</ul>\n<ul>\n</ul>\n<ul>\n</ul>\n<p><span style="font-family: times new roman,times; font-size: medium; color: #000000;">&nbsp; &nbsp; &nbsp; &bull; <strong>L&agrave;ng Ch&agrave;i H&agrave;m Ninh</strong> một trong những l&agrave;ng ch&agrave;i cổ nhất tại Việt Nam, tham quan v&agrave; thưởng thức hải sản tươi sống như: Hải M&atilde;, Hải Long, T&ocirc;m T&iacute;ch, Ghẹ....</span></p>\n<ul>\n</ul>\n<p><span style="font-family: times new roman,times; font-size: medium; color: #000000;">&nbsp; &nbsp; &nbsp; &bull; <strong>Suối Tranh</strong> leo n&uacute;i, d&atilde; ngoại. (Từ th&aacute;ng 05 - 10 tắm suối c&oacute; th&aacute;c đổ, chinh phục th&aacute;c Tranh),</span></p>\n<p><span style="font-family: times new roman,times; font-size: medium; color: #000000;">&nbsp;&nbsp;&nbsp;&nbsp;&nbsp; &bull; T<strong>ham quan Vườn Ti&ecirc;u</strong> v&agrave; <strong>Nh&agrave; th&ugrave;ng nước Mắm, cơ sở rượu Sim</strong>.</span></p>\n<ul>\n</ul>\n<p><span style="font-family: times new roman,times; font-size: medium; color: #000000;">&nbsp; &nbsp; &nbsp; &bull; Trở về thị trấn Dương Đ&ocirc;ng tham quan Dinh Cậu, du kh&aacute;ch c&oacute; thể &nbsp;ngắm nh&igrave;n Ho&agrave;ng h&ocirc;n tr&ecirc;n biển v&agrave; những con thuyền ra khơi đ&aacute;nh c&aacute;, nghe truyền thuyết về Dinh Cậu</span></p>\n<p><span style="font-family: times new roman,times; font-size: medium; color: #000000;">&nbsp; &curren;&nbsp; Buổi tối: Xe đưa đo&agrave;n về nh&agrave; h&agrave;ng d&ugrave;ng cơm tối, nghỉ ngơi, tự do dạo chợ đ&ecirc;m Dinh Cậu (thưởng thức hải sản tại chợ đ&ecirc;m Ph&uacute; Quốc).</span></p>\n<address><span style="font-family: arial black,avant garde;"><strong><span style="text-decoration: underline; color: #0000ff;"><span style="font-size: medium;">Ng&agrave;y 2 : Tham Quan Nam Đảo,C&acirc;u c&aacute;, lặn ngắm san h&ocirc;</span></span><span style="font-size: medium; color: #000000;">&nbsp;</span></strong></span></address>\n<p><span style="font-size: medium; font-family: times new roman,times; color: #000000;">&curren;&nbsp; Buổi s&aacute;ng: Khởi h&agrave;nh đi tham quan Nam Đảo</span></p>\n<p><span style="font-size: medium; font-family: times new roman,times; color: #000000;">&nbsp; &nbsp; &nbsp; &bull; Cơ sở nu&ocirc;i cấy <strong>Ngọc Trai</strong>, nơi cho ra đời những vi&ecirc;n ngọc trai tuyệt đẹp. Qu&yacute; kh&aacute;ch c&oacute; thể mua về l&agrave;m qu&agrave; cho người th&acirc;n<br /></span></p>\n<p><span style="font-size: medium; font-family: times new roman,times; color: #000000;">&nbsp; &nbsp; &nbsp; &bull; Đến Cảng An Thới, Du kh&aacute;ch l&ecirc;n t&agrave;u tham quan c&aacute;c h&ograve;n đảo như H&ograve;n Dừa, H&ograve;n R&otilde;i, H&ograve;n Thơm. Tại đ&acirc;y du kh&aacute;ch sẽ được trang bị đồ c&acirc;u, trổ t&agrave;i bắt c&aacute; bằng những dụng cụ c&acirc;u c&aacute; của ngư d&acirc;n tr&ecirc;n đảo. D&ugrave;ng cơm trưa tr&ecirc;n t&agrave;u với c&aacute;c chiến lợi phẩm thu được. Du kh&aacute;ch c&ograve;n được trang bị &aacute;o phao, k&iacute;nh lặn, ống thở, ch&acirc;n vịt h&ograve;a m&igrave;nh v&agrave;o d&ograve;ng nước trong xanh v&agrave; lặn ngắm những tảng san h&ocirc; đầy m&agrave;u sắc do thi&ecirc;n nhi&ecirc;n tạo ra v&agrave; nh&igrave;n những đ&agrave;n c&aacute; tung tăng bơi lội dưới l&ograve;ng biển xanh trong.</span></p>\n<ul>\n</ul>\n<p><span style="font-size: medium; font-family: times new roman,times; color: #000000;">&nbsp; &curren;&nbsp; Buổi chiều :Trở về cảng An Thới</span></p>\n<p><span style="font-size: medium; font-family: times new roman,times; color: #000000;">&nbsp;&nbsp; &nbsp;&nbsp; &bull; Tham quan di t&iacute;ch <strong>Nh&agrave; lao C&acirc;y Dừa</strong>, nơi giam cầm 40 ng&agrave;n t&ugrave; binh thời Ph&aacute;p thuộc<br /></span></p>\n<p><span style="font-size: medium; font-family: times new roman,times; color: #000000;">&nbsp;&nbsp;&nbsp;&nbsp;&nbsp; &bull; <strong>B&atilde;i Sao</strong>,một trong những b&atilde;i biển đẹp v&agrave; thơ mộng, tự do tắm biển, tham quan, nghỉ ngơi, tham gia c&aacute;c tr&ograve; chơi vận động.<br /></span></p>\n<ul>\n</ul>\n<p><span style="font-size: medium; font-family: times new roman,times; color: #000000;">&nbsp; &curren; Buổi tối: D&ugrave;ng cơm tối v&agrave; tự do sinh hoạt.</span></p>\n<p><strong><span style="text-decoration: underline; color: #0000ff;"><span style="font-family: times new roman,times; font-size: medium;">Ng&agrave;y 3 : Bắc Đảo Hoang Sơ</span></span></strong></p>\n<p><span style="font-size: medium; font-family: times new roman,times; color: #000000;">&nbsp; &curren; Buổi s&aacute;ng:Đo&agrave;n khởi h&agrave;nh vượt rừng nguy&ecirc;n sinh đến Bắc Đảo Hoang sơ</span></p>\n<p><span style="font-size: medium; font-family: times new roman,times; color: #000000;">&nbsp;&nbsp;&nbsp; &bull; Tham quan khu bảo tồn sinh th&aacute;i <strong>Rừng Quốc Gia Ph&uacute; Quốc.</strong></span></p>\n<p><span style="font-size: medium; font-family: times new roman,times; color: #000000;">&nbsp;&nbsp;&nbsp; &bull; Viếng Đền thờ <strong>Nguyễn Trung Trực</strong>, t&igrave;m hiểu chiến t&iacute;ch chống Ph&aacute;p của vị anh h&ugrave;ng d&acirc;n tộc tr&ecirc;n đất Ph&uacute; Quốc.</span></p>\n<p><span style="font-size: medium; font-family: times new roman,times; color: #000000;">&nbsp;&nbsp;&nbsp; &bull; <strong>Mũi G&agrave;nh Dầu</strong>, nghỉ ngơi, thư gi&atilde;n, ngắm hải giới Campuchia v&agrave; trải nghiệm cuộc sống giản dị của ngư d&acirc;n địa phương</span></p>\n<ul>\n</ul>\n<p><span style="font-size: medium; font-family: times new roman,times; color: #000000;">&nbsp;&nbsp;&nbsp; &bull; Đến B&atilde;i D&agrave;i, đắm m&igrave;nh c&ugrave;ng biển v&agrave; c&aacute;t trắng của nơi được BBC b&igrave;nh chọn l&agrave; 1 trong 10 b&atilde;i biển hoang sơ v&agrave; đẹp nhất thế giới.</span></p>\n<p><span style="font-size: medium; font-family: times new roman,times; color: #000000;">&nbsp;&nbsp;&nbsp; &bull; D&ugrave;ng cơm trưa tại Khu Du Lịch Carol Cửa Cạn, nghỉ ngơi, thư gi&atilde;n v&agrave; chụp h&igrave;nh lưu niệm tại đ&acirc;y.</span></p>\n<ul>\n</ul>\n<p><span style="font-size: medium; font-family: times new roman,times; color: #000000;">&nbsp; &curren; Buổi tối: Đo&agrave;n d&ugrave;ng cơm tối tại nh&agrave; h&agrave;ng, tự do mua sắm, dạo phố</span></p>\n<p><span style="text-decoration: underline; color: #0000ff;"><span style="font-family: times new roman,times; font-size: medium;">Ng&agrave;y 4 : Tiển Kh&aacute;ch </span></span></p>\n<p><span style="font-size: medium; font-family: times new roman,times; color: #000000;">&nbsp;&nbsp; Qu&yacute; kh&aacute;ch d&ugrave;ng điểm t&acirc;m s&aacute;ng, tự do tắm biển hay mua sắm tại trung t&acirc;m thị trấn Dương Đ&ocirc;ng. L&agrave;m thủ tục trả ph&ograve;ng.</span></p>\n<p><span style="font-size: medium; font-family: times new roman,times; color: #000000;">&nbsp;&nbsp; Xe c&ugrave;ng HDV đưa qu&yacute; kh&aacute;ch ra S&acirc;n bay Ph&uacute; Quốc, l&agrave;m thủ tục l&ecirc;n chuyến bay khởi h&agrave;nh về TP. HCM. Kết th&uacute;c chương tr&igrave;nh tham quan. K&iacute;nh ch&agrave;o qu&yacute; kh&aacute;ch v&agrave; hẹn gặp lại.</span></p>\n<p><span style="font-size: medium; font-family: times new roman,times; color: #000000;"><span style="text-decoration: underline;">Gi&aacute; tour/kh&aacute;ch</span></span></p>\n<table border="0" width="432" height="104" align="center">\n<tbody>\n<tr>\n<td>Ti&ecirc;u Chuẩn<br /></td>\n<td>2kh</td>\n<td>3-5kh</td>\n<td>6 - 9kh</td>\n<td>10 - 13</td>\n<td>tr&ecirc;n 13</td>\n</tr>\n<tr>\n<td>KS 2 Sao</td>\n<td>&nbsp;</td>\n<td>&nbsp;</td>\n<td>&nbsp;</td>\n<td>&nbsp;</td>\n<td>&nbsp;</td>\n</tr>\n<tr>\n<td>KS 3 Sao</td>\n<td>&nbsp;</td>\n<td>&nbsp;</td>\n<td>&nbsp;</td>\n<td>&nbsp;</td>\n<td>&nbsp;</td>\n</tr>\n<tr>\n<td>Resort 3 sao</td>\n<td>&nbsp;</td>\n<td>&nbsp;</td>\n<td>&nbsp;</td>\n<td>&nbsp;</td>\n<td>&nbsp;</td>\n</tr>\n<tr>\n<td>Resort 4 sao</td>\n<td>&nbsp;</td>\n<td>&nbsp;</td>\n<td>&nbsp;</td>\n<td>&nbsp;</td>\n<td>&nbsp;</td>\n</tr>\n</tbody>\n</table>\n<p><span style="font-size: medium; font-family: times new roman,times; color: #000000;"></span></p>\n<p><span style="font-size: medium; font-family: times new roman,times; color: #000000;">1.&nbsp;&nbsp; <span style="text-decoration: underline;">Gi&aacute; tour bao gồm:</span>&nbsp;</span></p>\n<p><span style="font-size: medium; font-family: times new roman,times; color: #000000;">- Kh&aacute;ch sạn đạt ti&ecirc;u chuẩn 2 sao, 3 sao, 4 sao, tiện nghi đầy đủ ph&ograve;ng standard 2 kh&aacute;ch/ph&ograve;ng, nếu lẻ kh&aacute;ch sẽ ở ph&ograve;ng 3.</span></p>\n<p><span style="font-size: medium; font-family: times new roman,times; color: #000000;">- 06 bữa ăn ch&iacute;nh được chọn lọc đảm bảo vệ sinh an to&agrave;n thực phẩm với menu ch&iacute;nh trị gi&aacute; 100.000 vnđ/ buổi/ kh&aacute;ch.</span></p>\n<p><span style="font-size: medium; font-family: times new roman,times; color: #000000;">- 03 buổi ăn s&aacute;ng tại kh&aacute;ch sạn<br /></span></p>\n<p><span style="font-size: medium; font-family: times new roman,times; color: #000000;">- Khăn lạnh, nước uống (02 chai 0.5l/kh&aacute;ch/ng&agrave;y)</span></p>\n<p><span style="font-size: medium; font-family: times new roman,times; color: #000000;">- Hướng dẫn vi&ecirc;n chu đ&aacute;o, vui vẻ, nhiệt t&igrave;nh suốt tuyến, biết về nghiệp vụ sơ cấp cứu.</span></p>\n<p><span style="font-size: medium; font-family: times new roman,times; color: #000000;">- Thuốc y tế th&ocirc;ng thường: say xe, đau bụng, băng gạt, dầu gi&oacute;,&hellip;</span></p>\n<p><span style="font-size: medium; font-family: times new roman,times; color: #000000;">- Xe tham quan du lịch đời mới, m&aacute;y lạnh.</span></p>\n<p><span style="font-size: medium; font-family: times new roman,times; color: #000000;">- Du thuyền tham quan tr&ecirc;n biển đảm bảo tiện nghi, an to&agrave;n v&agrave; trang bị đầy đủ về ống thở, kiếng lặn, ch&acirc;n vịt, &aacute;o phao, toilet, tắm nước ngọt tr&ecirc;n t&agrave;u <br /></span></p>\n<p><span style="font-size: medium; font-family: times new roman,times; color: #000000;">- Ph&iacute; tham quan, phục vụ v&agrave; thuế gi&aacute; trị gia tăng (10%)</span></p>\n<p><span style="font-size: medium; font-family: times new roman,times; color: #000000;">- Bảo Hiểu du lịch trọn g&oacute;i (bao gồm cả bảo hiểm cho du kh&aacute;ch đi c&acirc;u c&aacute;) mức 20,000,000 VNĐ/kh&aacute;ch/vụ.</span></p>\n<p><span style="font-size: medium; font-family: times new roman,times; color: #000000;">2.&nbsp; <span style="text-decoration: underline;">Gi&aacute; tour kh&ocirc;ng bao gồm:</span>&nbsp;</span></p>\n<p><span style="font-size: medium; font-family: times new roman,times; color: #000000;">- Ăn uống, điện thoại, c&aacute;c dịch vụ vui chơi giải tr&iacute; c&aacute; nh&acirc;n ngo&agrave;i chương tr&igrave;nh.</span></p>\n<p><span style="font-size: medium; font-family: times new roman,times; color: #000000;">- Phương tiện vận chuyển: V&eacute; t&agrave;u cao tốc, v&eacute; m&aacute;y bay. Xe đ&oacute;n tiễn bến t&agrave;u.</span></p>\n<p><span style="font-size: medium; font-family: times new roman,times; color: #000000;">- Bữa trưa ng&agrave;y về nếu kh&aacute;ch bay về chuyến bay chiều.</span></p>\n<p><span style="font-size: medium; font-family: times new roman,times; color: #000000;">3.&nbsp;&nbsp;&nbsp;&nbsp;&nbsp;&nbsp;&nbsp;&nbsp;&nbsp;&nbsp;&nbsp;&nbsp; <span style="text-decoration: underline;">Trẻ em:</span></span></p>\n<p><span style="font-size: medium; font-family: times new roman,times; color: #000000;">- Trẻ em từ 10 tuổi trở l&ecirc;n: t&iacute;nh bằng gi&aacute; người lớn.</span></p>\n<p><span style="font-size: medium; font-family: times new roman,times; color: #000000;">- Trẻ em từ 05 đến dưới 10 tuổi: t&iacute;nh &frac12; gi&aacute; v&eacute;, bao gồm: 1 suất ăn, 1 chỗ ngồi tr&ecirc;n xe, v&eacute; tham quan, ngủ chung với gia đ&igrave;nh.</span></p>\n<p><span style="font-size: medium; font-family: times new roman,times; color: #000000;">- Trẻ em dưới 05 tuổi: miễn ph&iacute; (2 người lớn chỉ k&egrave;m 1 trẻ miễn ph&iacute;, trẻ thứ 2 phải mua 30% gi&aacute; tour).</span></p>\n<p><span style="font-size: medium; font-family: times new roman,times; color: #000000;">- Trẻ em mua V&eacute; m&aacute;y bay theo qui định của Việt Nam Airline, Air Mekong (tr&ecirc;n 12 tuổi mua 100% v&eacute;, từ 02 - dưới 12 tuổi mua 75% v&eacute;, dưới 02 tuổi mua 10%v&eacute;).</span></p>\n<p><span style="font-family: times new roman,times; font-size: medium;"><strong><span style="color: #333333; background: none repeat scroll 0% 0% #ffffff;">Phụ        thu:</span></strong><span style="color: #333333;"><br /> &bull; </span><span style="color: #333333;">V&eacute; m&aacute;y bay (Nếu đi v&agrave; về bằng m&aacute;y bay):<br /> &nbsp; </span>&bull; Người lớn: Gi&aacute; v&eacute; m&aacute;y bay        theo gi&aacute; của h&atilde;ng h&agrave;ng kh&ocirc;ng<br /> &nbsp; &bull; Trẻ em dưới 2 tuổi: Gi&aacute; v&eacute; m&aacute;y bay bằng 10% gi&aacute; v&eacute; m&aacute;y bay d&agrave;nh cho        người lớn<br /> &nbsp; &bull; Trẻ em từ 2- 12 tuổi: Gi&aacute; v&eacute; m&aacute;y bay bằng 75% gi&aacute; v&eacute; m&aacute;y bay d&agrave;nh cho        người lớn<br /> &nbsp; &bull; Trẻ em tr&ecirc;n 12 tuổi: Gi&aacute; v&eacute; m&aacute;y bay như gi&aacute; v&eacute; m&aacute;y bay d&agrave;nh cho người        lớn</span><span style="color: #333333;"><span style="font-size: 9pt;"><br /></span></span></p>\n<p><span style="font-size: medium; font-family: times new roman,times; color: #000000;">&nbsp;</span></p>', '4 NGÀY 3 ĐÊM', '2.950.000 VND', 'Xe - Tàu Du Lịch', 'Đông Đảo - Nam Đảo - Bắc Đảo');
INSERT INTO `tour_lang` (`tour_id`, `lang`, `title`, `url`, `summary`, `content`, `time_tour`, `price`, `vehicle`, `destination`) VALUES
(23, 'en', 'HOANG SƠ PHÚ QUỐC (4Ngày 3 Đêm)', NULL, '<p>Những ai đ&atilde; từng đến Ph&uacute; Quốc - Thi&ecirc;n Đường Của Biển, chắc hẳn sẽ   kh&ocirc;ng qu&ecirc;n những gi&acirc;y ph&uacute;t tr&ecirc;n đại dương bao la, c&ugrave;ng ho&agrave; m&igrave;nh v&agrave;o l&agrave;n   nước trong xanh, ngắm những rặng san h&ocirc; đầy m&agrave;u sắc được thi&ecirc;n nhi&ecirc;n  ban  tặng hay c&ugrave;ng với thuỷ thủ đo&agrave;n trải nghiệm cuộc sống của những ngư  d&acirc;n  tr&ecirc;n đảo. B&ecirc;n cạnh cảm gi&aacute;c th&uacute; vị khi c&acirc;u được những ch&uacute; c&aacute; m&uacute;,  c&aacute;  đỏ...đ&oacute; c&ograve;n l&agrave; những gi&acirc;y ph&uacute;t thanh b&igrave;nh, &ecirc;m ả b&ecirc;n những bờ c&aacute;t  trắng  c&ugrave;ng n&eacute;t hoang sơ vốn c&oacute;. Đến với Du Lịch H&agrave;nh Tr&igrave;nh Xanh - Green  Cruise  Tourism, sẽ l&agrave; những gi&acirc;y ph&uacute;t kh&ocirc;ng qu&ecirc;n m&agrave; Du Lịch H&agrave;nh Tr&igrave;nh  Xanh sẽ  gửi đến Du kh&aacute;ch...</p>', '<div>Ngày 1 : <strong>Biển Xanh C&aacute;t Trắng</strong>&nbsp;</div>\n<p>Xe v&agrave; HDV Cty đ&oacute;n đo&agrave;n tại điểm hẹn,&nbsp;du kh&aacute;ch&nbsp;về nh&agrave; h&agrave;ng d&ugrave;ng cơm trưa, nhận ph&ograve;ng v&agrave; nghỉ ngơi.</p>\n<p><strong>14h00:</strong> Xe đưa đo&agrave;n tham quan Đ&ocirc;ng đảo, viếng ch&ugrave;a H&ugrave;ng Long Tự (c&ograve;n&nbsp; gọi l&agrave;   Am&nbsp; Sư Mu&ocirc;n, ng&ocirc;i ch&ugrave;a &nbsp;được x&acirc;y dựng nằm tr&ecirc;n đỉnh n&uacute;i cao men theo   triền n&uacute;i, do hội Việt kiều &Uacute;c&nbsp; c&ocirc;ng đức, đến L&agrave;ng Ch&agrave;i H&agrave;m Ninh một   trong những l&agrave;ng ch&agrave;i cổ nhất tại Việt Nam, tham quan v&agrave; mua sắm đặc sản   tươi sống tại đ&acirc;y như: Hải M&atilde;, Hải Long, T&ocirc;m T&iacute;ch, Ghẹ....</p>\n<p>Tr&ecirc;n đường đi du kh&aacute;ch được nghe giới thiệu về c&aacute;c địa danh nổi tiếng   ở đ&acirc;y. Tham quan Suối Tranh leo n&uacute;i, d&atilde; ngoại. (Từ th&aacute;ng 05 - 10 tắm   suối c&oacute; th&aacute;c đổ, chinh phục th&aacute;c Tranh), tham quan vườn ti&ecirc;u v&agrave;&nbsp; nước   mắm, cơ sở rượu sim, một trong những ng&agrave;nh&nbsp; nghề đặc trưng nhất tại   Huyện đảo Ph&uacute; Quốc &nbsp;</p>\n<p>Trở về thị trấn Dương Đ&ocirc;ng tham quan Dinh Cậu, du kh&aacute;ch c&oacute; thể &nbsp;ngắm   nh&igrave;n Ho&agrave;ng h&ocirc;n tr&ecirc;n biển v&agrave; những con thuyền ra khơi đ&aacute;nh c&aacute;, nghe   truyền thuyết về Dinh Cậu</p>\n<p><strong>17h00:</strong> Xe đưa đo&agrave;n về nh&agrave; h&agrave;ng d&ugrave;ng cơm chiều, nghỉ ngơi, tự do kh&aacute;m ph&aacute; Ph&uacute; Quốc về đ&ecirc;m (<em>thưởng thức hải sản tại chợ đ&ecirc;m Ph&uacute; Quốc).</em></p>\n<div>Ngày 2 : <strong>Tham quan Nam Đảo</strong> (<strong>C&acirc;u c&aacute;, lặn ngắm san h&ocirc;)</strong>&nbsp;</div>\n<p><strong>8h30:</strong> Đ&oacute;n du kh&aacute;ch tại kh&aacute;ch sạn. Khởi h&agrave;nh đi tham quan Nam Đảo, tham quan   trại nu&ocirc;i cấy Ngọc Trai, nơi sản xuất những vi&ecirc;n ngọc tự nhi&ecirc;n. Du kh&aacute;ch   sẽ được giới thiệu&nbsp; c&aacute;ch&nbsp; nu&ocirc;i cấy v&agrave; lấy ngọc, kh&ocirc;ng g&igrave; th&uacute; vị hơn,   tại đ&acirc;y du kh&aacute;ch c&oacute; thể tự tay chọn mua những vi&ecirc;n ngọc ưng &yacute; nhất l&agrave;m   qu&agrave; cho người th&acirc;n v&agrave; gia đ&igrave;nh.</p>\n<p>Tiếp tục h&agrave;nh tr&igrave;nh Đến cảng An Thới, đo&agrave;n tham quan đến quầy hải sản   kh&ocirc;, với c&aacute;c loại kh&ocirc; ngon nhất, c&aacute; thiều, c&aacute; B&egrave; Trang v.v&hellip;l&ecirc;n t&agrave;u  tham  quan quần đảo An Thới với c&aacute;c đảo nhỏ: H&ograve;n Dừa - H&ograve;n R&otilde;i &ndash; H&ograve;n  Thơm.  Tại đ&acirc;y du kh&aacute;ch sẽ trổ t&agrave;i bắt c&aacute; bằng dụng cụ c&acirc;u c&aacute; của ngư  d&acirc;n tr&ecirc;n  đảo. D&ugrave;ng cơm trưa tr&ecirc;n t&agrave;u với c&aacute;c chiến lợi phẩm thu được.</p>\n<p>Trở về cảng An Thới, đo&agrave;n tham quan di t&iacute;ch lịch sử Nh&agrave; lao C&acirc;y Dừa -   nơi giam cầm khoảng 40 ng&agrave;n t&ugrave; binh ch&iacute;nh trị của chế độ h&agrave; khắc thời   Mỹ &amp; Ph&aacute;p thuộc, xe đưa du kh&aacute;ch đến B&atilde;i Sao tham quan nghỉ ngơi,   tham gia c&aacute;c tr&ograve; chơi tr&ecirc;n biển (chi ph&iacute; tự t&uacute;c) tại một trong b&atilde;i biển   đẹp nhất ph&uacute; quốc, được b&igrave;nh chọn b&atilde;i biển nằm trong top ten của Ch&acirc;u  &Aacute;.</p>\n<p><strong>17h00: </strong>&nbsp;Xe đưa đo&agrave;n về kh&aacute;ch sạn nghỉ ngơi. D&ugrave;ng cơm tối v&agrave; tự do sinh hoạt.</p>\n<p><strong>Chương tr&igrave;nh đi k&egrave;m: </strong></p>\n<p><strong><em>17h30:</em></strong><em> xe v&agrave; HDV đưa du kh&aacute;ch l&ecirc;n t&agrave;u v&agrave; ra khơi. Ở đ&acirc;y du kh&aacute;ch sẽ trải   nghiệm những gi&acirc;y ph&uacute;t thư gi&atilde;n với&nbsp; cảnh ho&agrave;ng h&ocirc;n tuyệt đẹp v&agrave; huyền   ảo đầy th&uacute; vị, Du kh&aacute;ch c&ugrave;ng thủy thủ đo&agrave;n trổ t&agrave;i c&acirc;u mực. Sẽ kh&ocirc;ng g&igrave;   bằng khi ch&iacute;nh tay bạn c&acirc;u được những con mực đang săn mồi dưới biển  hay  vớt được những ch&uacute; c&aacute; kiếm, c&aacute; xanh xương đang nổi m&igrave;nh tr&ecirc;n mặt  biển  v&agrave; c&ugrave;ng trải nghiệm cảm gi&aacute;c ra khơi như c&aacute;c ngư d&acirc;n tr&ecirc;n đảo.  Chiến lợi  phẩm sẽ được phục vụ ngay tr&ecirc;n t&agrave;u.</em></p>\n<p><strong><em>21H00: </em></strong><em>K</em><em>ết th&uacute;c chuyến c&acirc;u mực đ&ecirc;m, xe đưa du kh&aacute;ch về kh&aacute;ch sạn nghỉ ngơi.<strong>Chi ph&iacute; tự t&uacute;c (300.000/người). Chương tr&igrave;nh sẽ do du kh&aacute;ch ấn định thời điểm.</strong></em></p>\n<p>&nbsp;</p>\n<div>Ngày 3 :Một tho&aacute;ng Bắc Đảo</div>\n<div>table.MsoNormalTable { font-size: 11pt; font-family: "Arial","sans-serif"; }\n<p>Du  kh&aacute;ch ăn s&aacute;ng tại kh&aacute;ch sạn. Xe đưa du kh&aacute;ch tham quan vườn ti&ecirc;u Khu  Tượng, nơi sản xuất những hạt ti&ecirc;u ngon, thơm nồng lừng danh khắp cả  nước, một trong những mặt h&agrave;ng xuất khẩu chủ đạo của Ph&uacute; Quốc. Tham quan  Suối Đ&aacute; B&agrave;n, một ngọn suối cao, rộng kho&aacute;c l&ecirc;n m&igrave;nh những chiếc b&agrave;n lớn  khổng lồ tạo th&agrave;nh bởi đ&aacute; tự nhi&ecirc;n với nhiều hồ nước rộng, du kh&aacute;ch c&oacute;  thể ho&agrave; m&igrave;nh trong d&ograve;ng nước m&aacute;t b&ecirc;n khung cảnh thi&ecirc;n nhi&ecirc;n thơ mộng.</p>\n<p><strong>11h30:</strong> Xe đưa đo&agrave;n về nh&agrave; h&agrave;ng d&ugrave;ng cơm trưa v&agrave; nghỉ ngơi tại kh&aacute;ch sạn.</p>\n<p><strong>14h00:</strong> Tham quan Cội nguồn nơi bảo tồn nhiều lo&agrave;i sinh vật qu&yacute; hiếm của Ph&uacute;  Quốc v&agrave; l&agrave; nơi trưng b&agrave;y n&eacute;t văn h&oacute;a của Ph&uacute; Quốc, nơi đ&acirc;y c&ograve;n bảo tồn 1  giống ch&oacute; qu&yacute; hiếm m&agrave; hầu như ai cũng muốn chi&ecirc;m ngưỡng lo&agrave;i vật tinh  kh&ocirc;n n&agrave;y.</p>\n<p><strong>15h00:</strong> Xe đưa du kh&aacute;ch về kh&aacute;ch sạn nhận ph&ograve;ng nghỉ ngơi. Du kh&aacute;ch tự do dạo phố, kh&aacute;m ph&aacute; Ph&uacute; Quốc về đ&ecirc;m</p>\n<div>Ngày 4 :Tiễn Kh&aacute;ch&nbsp;</div>\n<div>&nbsp;N</div>\n</div>\n<p>Nghỉ ngơi tại kh&aacute;ch sạn, tự do tắm biển hay mua sắm tại trung t&acirc;m thị   trấn Dương Đ&ocirc;ng, tiễn kh&aacute;ch ra s&acirc;n bay Ph&uacute; Quốc. Kết th&uacute;c chuyến tham   quan, tạm biệt v&agrave; hẹn gặp lại.</p>\n<p><strong><em>Gi&aacute; tour/kh&aacute;ch</em></strong></p>\n<p><strong><em><br /></em></strong></p>\n<p><strong>Gi&aacute; tr&ecirc;n kh&ocirc;ng &aacute;p dụng cho c&aacute;c ng&agrave;y lễ tết.</strong></p>\n<p><strong><em>Gi&aacute; tr&ecirc;n bao gồm:</em></strong><em>&nbsp;</em></p>\n<p>-&nbsp;&nbsp;&nbsp;&nbsp;&nbsp;&nbsp;&nbsp;&nbsp;&nbsp;&nbsp;&nbsp;&nbsp;&nbsp;&nbsp;&nbsp;&nbsp; Kh&aacute;ch sạn đạt ti&ecirc;u chuẩn 2 sao, 3 sao, 4 sao, tiện nghi đầy đủ (2-3 kh&aacute;ch/ph&ograve;ng)</p>\n<p>-&nbsp;&nbsp;&nbsp;&nbsp;&nbsp;&nbsp;&nbsp;&nbsp;&nbsp;&nbsp;&nbsp;&nbsp;&nbsp;&nbsp;&nbsp;&nbsp; Ăn s&aacute;ng</p>\n<p>-&nbsp;&nbsp;&nbsp;&nbsp;&nbsp;&nbsp;&nbsp;&nbsp;&nbsp;&nbsp;&nbsp;&nbsp;&nbsp;&nbsp;&nbsp;&nbsp; 04 bữa ăn ch&iacute;nh được chọn lọc đảm bảo vệ sinh an to&agrave;n thực phẩm (90.000 VNĐ/kh&aacute;ch/bữa)</p>\n<p>-&nbsp;&nbsp;&nbsp;&nbsp;&nbsp;&nbsp;&nbsp;&nbsp;&nbsp;&nbsp;&nbsp;&nbsp;&nbsp;&nbsp;&nbsp;&nbsp; Khăn lạnh, nước uống (02 chai 0.5l/kh&aacute;ch/ng&agrave;y)</p>\n<p>-&nbsp;&nbsp;&nbsp;&nbsp;&nbsp;&nbsp;&nbsp;&nbsp;&nbsp;&nbsp;&nbsp;&nbsp;&nbsp;&nbsp;&nbsp;&nbsp; Hướng dẫn vi&ecirc;n chu đ&aacute;o, vui vẻ, nhiệt t&igrave;nh suốt tuyến, biết về nghiệp vụ sơ cấp cứu.</p>\n<p>-&nbsp;&nbsp;&nbsp;&nbsp;&nbsp;&nbsp;&nbsp;&nbsp;&nbsp;&nbsp;&nbsp;&nbsp;&nbsp;&nbsp;&nbsp;&nbsp; Thuốc y tế th&ocirc;ng thường: say xe, đau bụng, băng gạt, dầu gi&oacute;,&hellip;</p>\n<p>-&nbsp;&nbsp;&nbsp;&nbsp;&nbsp;&nbsp;&nbsp;&nbsp;&nbsp;&nbsp;&nbsp;&nbsp;&nbsp;&nbsp;&nbsp;&nbsp; Xe tham quan du lịch đời mới, m&aacute;y lạnh.</p>\n<p>-&nbsp;&nbsp;&nbsp;&nbsp;&nbsp;&nbsp;&nbsp;&nbsp;&nbsp;&nbsp;&nbsp;&nbsp;&nbsp;&nbsp;&nbsp;&nbsp; Ph&iacute; tham quan, phục vụ v&agrave; thuế gi&aacute; trị gia tăng (10%)</p>\n<p>&Oslash;&nbsp;&nbsp; <strong><em>Gi&aacute; tour kh&ocirc;ng bao gồm:</em></strong><strong><em>&nbsp;</em></strong></p>\n<p>-&nbsp;&nbsp;&nbsp;&nbsp;&nbsp;&nbsp;&nbsp;&nbsp;&nbsp;&nbsp;&nbsp;&nbsp;&nbsp;&nbsp;&nbsp;&nbsp; Ăn uống, điện thoại, c&aacute;c dịch vụ vui chơi giải tr&iacute; c&aacute; nh&acirc;n ngo&agrave;i chương tr&igrave;nh.</p>\n<p>-&nbsp;&nbsp;&nbsp;&nbsp;&nbsp;&nbsp;&nbsp;&nbsp;&nbsp;&nbsp;&nbsp;&nbsp;&nbsp;&nbsp;&nbsp;&nbsp; Phương tiện vận chuyển: V&eacute; t&agrave;u cao tốc Rạch Gi&aacute; &ndash;   Ph&uacute; Quốc, t&agrave;u cao tốc H&agrave; Ti&ecirc;n &ndash; Ph&uacute; Quốc, v&eacute; m&aacute;y bay Cần Thơ &ndash; Ph&uacute; Quốc,   Rạch Gi&aacute; &ndash; Ph&uacute; Quốc, TP HCM &ndash; Ph&uacute; Quốc, H&agrave; Nội &ndash; Ph&uacute; Quốc. Xe &ocirc; t&ocirc; đ&oacute;n  &ndash;  tiễn bến t&agrave;u.</p>\n<p><strong><em>Ghi ch&uacute;:</em></strong></p>\n<p>-&nbsp;&nbsp;&nbsp;&nbsp;&nbsp;&nbsp;&nbsp;&nbsp;&nbsp;&nbsp;&nbsp;&nbsp;&nbsp;&nbsp;&nbsp;&nbsp; Trẻ em từ 11 tuổi trở l&ecirc;n: t&iacute;nh bằng gi&aacute; người lớn.</p>\n<p>-&nbsp;&nbsp;&nbsp;&nbsp;&nbsp;&nbsp;&nbsp;&nbsp;&nbsp;&nbsp;&nbsp;&nbsp;&nbsp;&nbsp;&nbsp;&nbsp; Trẻ em từ 06 đến dưới 11 tuổi: t&iacute;nh &frac12; gi&aacute; v&eacute;, bao   gồm: 1 suất ăn, 1 chỗ ngồi tr&ecirc;n xe, v&eacute; tham quan, ngủ chung với gia   đ&igrave;nh.</p>\n<p>-&nbsp;&nbsp;&nbsp;&nbsp;&nbsp;&nbsp;&nbsp;&nbsp;&nbsp;&nbsp;&nbsp;&nbsp;&nbsp;&nbsp;&nbsp;&nbsp; Trẻ em dưới 06 tuổi: miễn ph&iacute; (2 người lớn chỉ k&egrave;m 1 trẻ miễn ph&iacute;, trẻ thứ 2 phải mua 30% gi&aacute; tour).</p>\n<p>-&nbsp;&nbsp;&nbsp;&nbsp;&nbsp;&nbsp;&nbsp;&nbsp;&nbsp;&nbsp;&nbsp;&nbsp;&nbsp;&nbsp;&nbsp;&nbsp; Trẻ em mua V&eacute; m&aacute;y bay theo qui định của Việt Nam   Airline, Air Mekong (tr&ecirc;n 12 tuổi mua 100% v&eacute;, từ 02 - dưới 12 tuổi mua   75% v&eacute;, dưới 02 tuổi mua 10%v&eacute;).</p>\n<p><strong>Ng&agrave;y 3: Một tho&aacute;ng Bắc Đảo</strong></p>', '4 days/ 3 nights', '200 USD / 1 person', 'Car-boat', 'Phu Quoc');

-- --------------------------------------------------------

--
-- Table structure for table `user`
--

CREATE TABLE IF NOT EXISTS `user` (
  `id` mediumint(8) unsigned NOT NULL auto_increment,
  `group_id` mediumint(8) unsigned NOT NULL,
  `ip_address` char(16) NOT NULL,
  `username` varchar(15) NOT NULL,
  `password` varchar(40) NOT NULL,
  `salt` varchar(40) default NULL,
  `email` varchar(40) NOT NULL,
  `activation_code` varchar(40) default NULL,
  `forgotten_password_code` varchar(40) default NULL,
  `remember_code` varchar(40) default NULL,
  `created_on` int(11) unsigned NOT NULL,
  `last_login` int(11) unsigned default NULL,
  `active` int(1) unsigned default NULL,
  PRIMARY KEY  (`id`)
) ENGINE=MyISAM  DEFAULT CHARSET=utf8 AUTO_INCREMENT=3 ;

--
-- Dumping data for table `user`
--

INSERT INTO `user` (`id`, `group_id`, `ip_address`, `username`, `password`, `salt`, `email`, `activation_code`, `forgotten_password_code`, `remember_code`, `created_on`, `last_login`, `active`) VALUES
(1, 1, '127.0.0.1', 'admin', '813f9ddd4f5541abca53203c9d068daa607454a6', '9462e8eee0', 'admin@admin.com', '8cc60acea44a4fda56dce3ed762d3073322dcd01', NULL, '', 1268889823, 1337854053, 1),
(2, 2, '127.0.0.1', 'hoangviet', '82708a58b184f85fc7cbd167cc6190ee9b6c50ec', NULL, 'nguyenhoangvietvn@gmail.com', '', NULL, NULL, 1276366500, 1279075300, 1);

-- --------------------------------------------------------

--
-- Table structure for table `user_group`
--

CREATE TABLE IF NOT EXISTS `user_group` (
  `id` mediumint(8) unsigned NOT NULL auto_increment,
  `name` varchar(20) NOT NULL,
  `description` varchar(100) NOT NULL,
  PRIMARY KEY  (`id`)
) ENGINE=MyISAM  DEFAULT CHARSET=utf8 AUTO_INCREMENT=3 ;

--
-- Dumping data for table `user_group`
--

INSERT INTO `user_group` (`id`, `name`, `description`) VALUES
(1, 'admin', 'Administrator'),
(2, 'members', 'General User');

-- --------------------------------------------------------

--
-- Table structure for table `user_profile`
--

CREATE TABLE IF NOT EXISTS `user_profile` (
  `id` mediumint(8) unsigned NOT NULL auto_increment,
  `user_id` mediumint(8) unsigned default NULL,
  `first_name` varchar(50) default NULL,
  `last_name` varchar(50) default NULL,
  `company` varchar(100) default NULL,
  `phone` varchar(20) default NULL,
  PRIMARY KEY  (`id`)
) ENGINE=MyISAM  DEFAULT CHARSET=utf8 AUTO_INCREMENT=3 ;

--
-- Dumping data for table `user_profile`
--

INSERT INTO `user_profile` (`id`, `user_id`, `first_name`, `last_name`, `company`, `phone`) VALUES
(1, 1, 'Admin', 'istrator', 'ADMIN', '0'),
(2, 2, 'Viet', 'Nguyen', 'Hexmedia., JSC', '084-123-4567');

-- --------------------------------------------------------

--
-- Table structure for table `vehicles`
--

CREATE TABLE IF NOT EXISTS `vehicles` (
  `id` int(11) NOT NULL auto_increment,
  `name` varchar(50) collate utf8_unicode_ci default NULL,
  `date` int(11) default NULL,
  `active` tinyint(1) default NULL,
  `price` varchar(50) collate utf8_unicode_ci default NULL,
  PRIMARY KEY  (`id`)
) ENGINE=MyISAM  DEFAULT CHARSET=utf8 COLLATE=utf8_unicode_ci AUTO_INCREMENT=13 ;

--
-- Dumping data for table `vehicles`
--

INSERT INTO `vehicles` (`id`, `name`, `date`, `active`, `price`) VALUES
(6, 'SUPERDONG 2', 1305772809, 1, '290000'),
(7, 'SUPERDONG 3', 1305772784, 1, '290000'),
(5, 'SUPERDONG 1', 1305772824, 1, '270000'),
(8, 'HỒNG TÂM 1', 1305773037, 1, '215000'),
(9, 'VINASHIN ROSE', 1293946588, 0, '270000'),
(10, 'SAVANNA', 1305773185, 1, '290000'),
(11, 'HỒNG TÂM 2', 1305773114, 1, '215000'),
(12, 'HELEN', 1293947080, 0, '260000');

-- --------------------------------------------------------

--
-- Table structure for table `vehicles_info`
--

CREATE TABLE IF NOT EXISTS `vehicles_info` (
  `id` int(11) NOT NULL auto_increment,
  `time_departure_to` varchar(45) collate utf8_unicode_ci default NULL,
  `time_arrival_to` varchar(45) collate utf8_unicode_ci default NULL,
  `total_time_to` varchar(45) collate utf8_unicode_ci default NULL,
  `location_departure_to` varchar(45) collate utf8_unicode_ci default NULL,
  `location_arrival_to` varchar(45) collate utf8_unicode_ci default NULL,
  `time_departure_back` varchar(45) collate utf8_unicode_ci default NULL,
  `time_arrival_back` varchar(45) collate utf8_unicode_ci default NULL,
  `total_time_back` varchar(45) collate utf8_unicode_ci default NULL,
  `location_departure_back` varchar(45) collate utf8_unicode_ci default NULL,
  `location_arrival_back` varchar(45) collate utf8_unicode_ci default NULL,
  `vehicles_id` int(11) default NULL,
  PRIMARY KEY  (`id`)
) ENGINE=MyISAM  DEFAULT CHARSET=utf8 COLLATE=utf8_unicode_ci AUTO_INCREMENT=13 ;

--
-- Dumping data for table `vehicles_info`
--

INSERT INTO `vehicles_info` (`id`, `time_departure_to`, `time_arrival_to`, `total_time_to`, `location_departure_to`, `location_arrival_to`, `time_departure_back`, `time_arrival_back`, `total_time_back`, `location_departure_back`, `location_arrival_back`, `vehicles_id`) VALUES
(7, '8:00', '10:15', '2:15hrs', 'Rạch Giá', 'Phú Quốc', '13h00', '15h15', '2:15hrs', 'Phú Quốc', 'Rạch Giá', 7),
(6, '13h00', '15h30', '2:30hrs', 'Rạch Giá', 'Phú Quốc', '8h00', '10h30', '2:30hrs', 'Phú Quốc', 'Rạch Giá', 6),
(5, '13h30', '16h00', '2:30hrs', 'Rạch Giá', 'Phú Quốc', '8h30', '11h00', '2:30hrs', 'Phú Quốc', 'Rạch Giá', 5),
(8, '8h30', '10h00', '1:30hrs', 'Hà Tiên', 'Phú Quốc', '13h00', '14h30', '1:30hrs', 'Phú Quốc', 'Hà Tiên', 8),
(9, '13h10', '15h40', '2:30hrs', 'Rạch Giá', 'Phú Quốc', '08h10', '10h40', '2:30hrs', 'Phú Quốc', 'Rạch Giá', 9),
(10, '8:05', '10:20', '2:15hrs', 'Rạch Giá', 'Phú Quốc', '14h05', '15h20', '2:15hrs', 'Phú Quốc', 'Rạch Giá', 10),
(11, '13h00', '14h30', '1:30hrs', 'Hà Tiên', 'Phú Quốc', '8h30', '10h00', '1:30hrs', 'Phú Quốc', 'Hà Tiên', 11),
(12, '7h40', '10h10', '2:30hrs', 'Rạch Giá', 'Phú Quốc', '12h20', '14h50', '2:30hrs', 'Phú Quốc', 'Rạch Giá', 12);

-- --------------------------------------------------------

--
-- Table structure for table `vehicle_book`
--

CREATE TABLE IF NOT EXISTS `vehicle_book` (
  `id` int(11) NOT NULL auto_increment,
  `fullname` varchar(255) collate utf8_unicode_ci default NULL,
  `address` text collate utf8_unicode_ci,
  `phone` varchar(20) collate utf8_unicode_ci default NULL,
  `email` varchar(50) collate utf8_unicode_ci default NULL,
  `total_person` int(4) default NULL,
  `company` varchar(255) collate utf8_unicode_ci default NULL,
  `tax_code` varchar(15) collate utf8_unicode_ci default NULL,
  `nation` varchar(100) collate utf8_unicode_ci default NULL,
  `date_start` int(11) default NULL,
  `departure` varchar(100) collate utf8_unicode_ci default NULL,
  `arrival` varchar(100) collate utf8_unicode_ci default NULL,
  `adult` int(3) default NULL,
  `child` int(3) default NULL,
  `baby` int(3) default NULL,
  `other_requirement` text collate utf8_unicode_ci,
  `type_ticket` tinyint(1) default NULL,
  `payment_method` tinyint(1) default NULL,
  `date` int(11) default NULL,
  `is_read` tinyint(1) default NULL,
  `is_checked` tinyint(1) default NULL,
  PRIMARY KEY  (`id`)
) ENGINE=InnoDB  DEFAULT CHARSET=utf8 COLLATE=utf8_unicode_ci AUTO_INCREMENT=9 ;

--
-- Dumping data for table `vehicle_book`
--

INSERT INTO `vehicle_book` (`id`, `fullname`, `address`, `phone`, `email`, `total_person`, `company`, `tax_code`, `nation`, `date_start`, `departure`, `arrival`, `adult`, `child`, `baby`, `other_requirement`, `type_ticket`, `payment_method`, `date`, `is_read`, `is_checked`) VALUES
(1, 'D''HUMIERES', '', '0086 135 8183 1842', 'geodhumieres@hotmail.com', 1, '', '', '', 1296925200, 'Phu Quoc', 'Rach Gia', 1, 0, 0, '', 0, 2, 1295781321, 1, 1),
(2, 'Joshua Goldblatt', '', '0034616563230', 'josh@bkstreet.com', 2, '', '', '', 1297098000, 'phu quoc', 'rich gia', 2, 0, 0, 'by plane, boat or howe ver', 0, 0, 1297088797, 1, 1),
(3, 'Rasmus Kirsimae', '', '+37255580275', 'rastva@gmail.com', 5, '', '', '', 1328634000, 'Rach Gia', 'Phu quoc', 5, 0, 0, 'Hello,\n\n\nI need tickets for 08.00 morning express ferry. Please reply to email or call.\n\n\nThanks,\nRAsmus', 0, 0, 1328608007, 1, 0),
(4, 'felicity wyatt', '', '+447971351197', 'felicityawyatt@hotmail.com', 2, '', '', '', 1329411600, 'rach gia', 'phu quoc', 2, 0, 0, '', 0, 0, 1329315918, 1, 0),
(5, 'Stefan Hornscheidt', '', '008618611310581', 'shornscheidt@gmail.com', 3, '', '', 'German', 1330362000, 'Rach Gia', 'Phu Quoc', 3, 0, 0, '', 0, 0, 1329450702, 1, 0),
(6, 'christian Sum', '', '+84 164 6174233', 'christian.sum@gmail.com', 1, '', '', '', 1332522000, 'rach gia', 'phu quoc', 1, 0, 0, '', 0, 2, 1332538896, 1, 0),
(7, 'christian Sum', '', '+84 164 6174233', 'christian.sum@gmail.com', 1, '', '', '', 1332522000, 'rach gia', 'phu quoc', 1, 0, 0, '', 0, 2, 1332538896, 1, 0),
(8, 'thorbjorn magnusson', 'olstorpsv.55', '+46704920440', 'argenta.media@telia.com', 5, '', '', 'sweden', 1356541200, 'ha tien', 'phu quoc', 4, 1, 0, 'we would like to make a reservation for 5 tickets with departure at 8.30 the 27th of december. please confirm my booking.\n\nmr. magnusson', 0, 0, 1334495889, 1, 0);

/*!40101 SET CHARACTER_SET_CLIENT=@OLD_CHARACTER_SET_CLIENT */;
/*!40101 SET CHARACTER_SET_RESULTS=@OLD_CHARACTER_SET_RESULTS */;
/*!40101 SET COLLATION_CONNECTION=@OLD_COLLATION_CONNECTION */;
